aurl	title	TotalKorean	EnglishRoot	ChineseRoot	KoreanRoot	UnknownRoot	EnglishRootList	ChineseRootList
http://www.iybrb.com/news/content/2019-10/15/61_376751.html	청소중 찾은 론문 토대로 노벨상 수상-연변일보 Yanbian Daily	207	25	110	70	2	['코발트', '리튬', '노벨화학상', '존', '디', '코발트', '리튬', '노벨화학상', '배터리', '노벨화학상', '노벨화학상', '배터리', '폴리', '아세틸렌', '배터리', '캠코더', '배터리', '폴리', '아세틸렌', '디', '배터리', '배터리', '아웃사이더', '노벨화학상', '배터리']	['연구실', '청소', '중', '산', '양극', '발견', '음극', '재료', '고', '여진', '론문', '요시노', '수상', '한', '론문', '당시', '주목', '론문', '요시노', '론문', '양극', '산', '합성', '요시노', '지난', '영예', '준', '리튬이온', '탄생', '순간', '일본', '신문', '리튬이온', '전기', '개발', '수상한', '요시노', '의', '수상', '공개', '리튬이온', '원형', '태', '나기', '전이', '요시노', '기업', '가세', '화학물질', '산업', '리용', '하기', '연구', '요시노', '응용', '고심', '충전', '할', '차', '사용', '할', '요시노', '당시', '보급', '시작', '가정', '용', '사용', '할', '개발', '목표', '음극', '재료', '재료', '연구', '직면', '요시노', '연구실', '청소', '중', '론문', '론문', '활용', '요시노', '연구', '리튬이온', '원형', '요시노', '전문가', '회고', '일본인', '노벨상', '수상한', '이번', '번', '번', '리튬이온', '작고', '용량', '전기자동차', '태양광', '발전', '풍력발전', '등', '활용', '친환경', '기술', '도', '평가', '외신']
http://www.iybrb.com/news/content/2019-09/14/61_373005.html	“조선 단거리 발사체2발 발사했다”-연변일보 Yanbian Daily	160	2	119	38	1	['킬로', '메터']	['한국', '군부', '신화통신', '한국', '군부', '측은', '조선', '동부', '해역', '방향', '단거리', '발사체', '발사', '한국', '합동', '참모', '본부', '합참', '가', '발표', '소식', '조선', '평안남도', '개천', '일대', '발사체', '두발', '발사', '발사체', '두발', '최대', '비행', '대략', '합참', '비행', '고도', '속도', '등', '조선', '발사체', '관련', '정보', '공개', '하지', '한미', '발사체', '구체', '류형', '분석', '전', '합참', '한국', '군부', '측은', '정세', '주시', '경계', '태세', '유지', '조선', '긴장', '분위기', '격', '행동', '즉각', '중지', '할', '촉구', '한국', '청와대', '국가', '안전보장', '회의', '상임', '위원회', '긴급', '회의', '개최', '전체', '안보', '형세', '중점', '주시', '조선', '발사', '활동', '대해', '우려', '표명', '전', '조선', '중앙', '통신', '보도', '최', '조선', '외무성', '부상', '조선', '하순', '경', '미국', '조미', '실무', '협상', '개최', '할', '용의', '고', '미국', '량국', '공동', '리익', '부합', '조선', '수용', '할', '방안', '촉구']
http://www.iybrb.com/news/content/2019-08/28/61_370853.html	“한국 일본, 군정협정재검토 할수 있다”-연변일보 Yanbian Daily	82	0	58	21	3	[]	['한국', '총리', '표시', '신화통신', '한국', '국무총리', '한국', '일본', '량', '자간', '갈등', '대화', '진행', '하길', '호소', '만약', '일본', '한국', '대한', '조치', '철회', '한국', '일본', '군사', '협정', '검토', '국무총리', '고위', '정청', '회의', '일본정부', '정식', '한국', '무역', '백색', '국가', '명단', '제외', '관련', '명령', '시행', '자신', '사태', '악화시키지', '한국', '일본', '정부', '현', '상황', '타개', '할', '판단', '한국', '일본', '량국', '자세', '대화', '하길']
http://www.iybrb.com/news/content/2018-11/28/61_334925.html	박원순 서울시장, 중국서 투자유치 활동-연변일보 Yanbian Daily	230	8	163	51	8	['그랜드', '호텔', '컨설팅', '핀', '테크', '핀', '테크', '인터넷']	['중국', '방문', '중인', '서울시장', '북경', '대학', '학당', '미래', '도시', '주제', '강연', '서울시장', '중국', '투자', '위해', '한국', '서울시', '북경', '의', '중국', '투자', '협력', '주간', '진행', '중국', '투자', '협력', '주간', '북경', '간의', '경제', '협력', '강화', '행사', '과', '등', '차', '산업혁명', '관련', '분야', '소재', '중소기업', '중국', '현지', '투자자', '명', '참석', '일대일', '투자', '설명', '회', '서울시', '성공', '투자', '유치', '위해', '참가', '기업', '대상', '주간', '일대일', '하여', '기업', '별', '핵심', '경쟁력', '시장', '현황', '등', '분석', '법무', '법인', '협력', '투자', '분야', '경험', '변호사', '초청', '중국', '방문', '중인', '서울시장', '현장', '참가', '기업', '실어', '시장', '투자', '유치', '희망', '중소기업', '기술', '보유', '발전', '가능성', '업체', '선발', '중국', '투자', '협력', '주간', '북경', '한국', '중국', '경제', '분야', '교류', '협력', '점화', '계기', '고', '서울시', '중국', '은행', '산업', '육성', '위해', '협력', '하기로', '업무', '협약', '체결', '중국', '은행', '중국', '대', '국유', '은행', '중', '이자', '공식', '외환', '관리', '은행', '협약', '박', '시장', '류련', '중국', '은행', '행', '참석', '협약', '서울시', '중국', '은행', '량국', '기업', '간', '교류', '투자', '활성화', '산업', '관련', '기업', '지원', '육성', '계획', '연변', '일보', '사업', '부', '외신']
http://www.iybrb.com/news/content/2019-06/21/61_361373.html	전용기에서 내리는 습근평 주석 부부-연변일보 Yanbian Daily	18	0	13	3	2	[]	['조선', '국빈', '방문', '국가주석', '부인', '녀', '사가', '평양', '순안', '공항', '도착', '전용기', '인사']
http://www.iybrb.com/news/content/2019-02/25/61_345716.html	김정은 베트남 방문…개방형 외교발전 의지 전달-연변일보 Yanbian Daily	546	36	365	129	16	['베트남', '베트남', '베트남', '베트남', '베트남', '베트남', '베트남', '하노이', '베트남', '이미지', '트럼프', '싱가포르', '디아스', '아시아', '베트남', '베트남', '베트남', '베트남', '하노이', '베트남', '베트남', '이미지', '베트남', '베트남', '베트남', '베트남', '하노이', '헥타르', '미디어', '하노이', '하노이', '베트남', '베트남', '베트남', '베트남', '베트남']	['조미', '지도자', '차', '회담', '준비', '개방', '대외', '정책', '모색', '소통', '친선', '협력', '심화', '외국', '자본', '유치', '관광', '산업', '발전', '각국', '관계', '발전', '유조', '북경', '신화통신', '위원장', '국무위원', '회', '위원장', '베트남공산당', '중앙', '총서기', '국가주석', '초청', '대한', '공식', '친선', '방문', '진행', '외교부', '선포', '인사', '분석', '이번', '위원장', '방문', '개방', '대외', '정책', '모색', '조선', '의도', '반영', '한편', '이번', '방문', '수도', '진행', '차', '조미', '정상회담', '국제', '향상', '기회', '년초', '조선', '적극', '외래', '전개', '위원장', '중국', '차례', '방문', '재차', '중국', '방문', '한국', '대통령', '차례', '회담', '진행', '미국', '대통령', '차', '회담', '진행', '위원장', '조선', '방문', '외무', '장관', '관원', '접견', '조선', '국무위원', '회', '주석', '부장', '회의', '주석', '회담', '중국', '사회과학', '태평양', '세계', '전략', '연구원', '왕준', '생', '부연', '구원', '위원장', '방문', '개방', '외교', '발전', '견', '조선', '자세', '기', '중앙', '위원회', '차', '회의', '사회주의', '경제', '발전', '인민', '생활수준', '향상', '투쟁', '전력', '하기로', '결정', '사회주의', '건설', '유조', '국제', '환경', '세계', '평화', '안정', '수호', '하기', '위해', '조선', '주변', '각국', '국제사회', '련계', '대화', '적극', '모색', '관련', '인사', '위원장', '방문', '시작', '소통', '친선', '협력', '심화', '조선', '의도', '분석', '위원장', '신년사', '조선', '당', '정부', '평화', '친선', '리념', '사회주의', '국가', '단결', '협력', '계속', '조선', '친선', '국가', '간주', '적극', '관계', '발전', '고', '표', '조선', '로동신문', '은', '조선', '외교', '정책', '론술', '조선', '사회주의', '국가', '친선', '교류', '협력', '발전', '각별', '중시', '사회주의', '국가', '단결', '협력', '계속', '조선', '당', '정부', '대외', '정책', '견지해', '할', '립', '조선', '위원장', '방문', '후', '조미', '지도자', '차', '회담', '인사', '외교', '후', '안보', '등', '면', '준비', '사업', '적극', '진행', '함', '국제', '인정', '부총리', '외무', '장관', '조선', '공식', '방문', '조선', '외무', '중앙', '정치국', '위원', '중앙', '부위', '원장', '국제', '부', '부장', '회담', '외부', '이번', '행차', '조선', '미국', '지도자', '회담', '준비', '작업', '총리', '전', '차', '조미', '정상회담', '준비', '사업', '주재', '할', '외교부', '지시', '배합', '할', '관련', '부문', '요구', '정상회담', '기간', '도심', '위치', '면적', '문화', '친선', '궁', '국제', '쎈터', '설치', '하여', '모인', '각국', '기자', '봉사', '제공', '조미', '대표', '단', '회담', '보도', '기자', '안전', '확보', '하기', '위해', '경찰', '공항', '정거장', '전력', '시설', '문화', '유적', '등', '중점', '장소', '대한', '천후', '순', '진행', '사회과학', '동북아시아', '연구소', '소장', '대행', '차례', '활동', '기회', '간주', '고', '설명', '소장', '대행', '소개', '각국', '언론사', '이번', '회담', '보도', '함', '동시', '발전', '성과', '풍경', '세계', '소개', '외국', '자본', '관광', '산업', '발전', '유조', '지적', '이번', '회담', '성공', '주최', '각국', '리득', '각국', '관계', '발전', '유조', '분석']
http://www.iybrb.com/news/content/2019-08/19/61_369362.html	“일본과의 대화 협력의 길로 나가련다”-연변일보 Yanbian Daily	95	2	62	30	1	['시스템', '시스템']	['일본', '대화', '협력', '대통령', '표시', '신화통신', '한국', '대통령', '광복절', '주년', '축의', '만약', '일본', '화협', '선택', '한국', '일본', '무역', '협력', '동아시아', '구축', '하려', '표', '대통령', '협력', '공동', '가능', '발전', '발전', '후', '발전', '발전', '기회', '박탈', '해서는', '세계', '고도', '통해', '공동', '번영', '경제', '자유무역', '질서', '리익', '보고', '만약', '자체', '구비', '우세', '평화', '자유무역', '파괴', '일본', '식민지', '통치', '해방', '한국', '광복절', '정', '기념', '행사', '진행']
http://www.iybrb.com/news/content/2018-12/10/61_336544.html	조선, 인류무형문화유산 등재 활발-연변일보 Yanbian Daily	102	4	73	25	0	['유네스코', '아프리카', '모리셔스', '포트루이스']	['남', '북', '인류', '무형', '문화유산', '대표', '목록', '공동', '등', '조선', '최근', '각종', '문화유산', '등재', '사업', '적극', '추진', '무형', '유산', '보호', '협약', '정부', '위원회', '무형', '유산', '위원회', '최근', '수도', '개막', '차', '회의', '인류', '무형', '문화유산', '대표', '목록', '등재', '조선', '과', '남', '북', '공동', '등재', '결정', '총', '개', '인류', '무형', '문화유산', '보유', '매년', '추석', '평양', '대규모', '경기', '선수', '금', '건', '실제', '조선', '내외', '천연기념물', '무형', '문화유산', '등록', '사업', '전개', '등', '국가', '유산', '보호', '관심', '외신']
http://www.iybrb.com/news/content/2019-02/26/61_345864.html	김정은 위원장, 66시간 렬차 타고 베트남 동당역 도착...자동차로 하노이행-연변일보 Yanbian Daily	116	12	74	30	0	['베트남', '랑선', '베트남', '랑선', '베트남', '베트남', '하노이', '앤드루스', '트럼프', '하노이', '트럼프', '인터넷']	['국무위원', '역', '도착', '환영', '인파', '인사', '차', '조미', '정상회담', '오전', '북경시', '조선', '국무위원', '중국', '접경', '지역', '역', '도착', '지난', '오후', '전용', '렬차', '타고', '평양', '출발', '중국', '대륙', '종단', '한지', '도착', '위원장', '이번', '중국', '종단', '북경', '김일성', '주석', '과거', '방문', '광동성', '광주', '등', '최단', '로선', '택했다', '위원장', '역', '전용', '자동차', '출발', '미국', '메릴랜드', '공군기지', '전용기', '출발', '미국', '대통령', '오후', '현지', '시간', '노', '국제공항', '도착', '할', '예정', '위원장', '대통령', '핵', '담판', '연변', '일보', '사업', '부', '외신']
http://www.iybrb.com/news/content/2019-08/17/61_369244.html	139t 중국 의류, '한국제'로 바꿔 부당이득 챙긴 일당 검거-연변일보 Yanbian Daily	180	7	126	45	2	['브랜드', '메이드', '코리아', '플랫폼', '플랫폼', '센터', '인터넷']	['최근', '한국', '관세청', '한국', '동대문', '위장', '중국', '의류', '압수', '혐의', '명', '적발', '보도', '한국', '관세청', '적발', '혐의', '명', '중국', '국적', '한국', '동대문시장', '작업실', '중국', '구입', '의류', '세관', '신고', '하지', '밀수', '중국', '반입', '전', '여', '명의', '중국', '소비자', '주문', '의류', '운송', '등', '서류', '상의', '내용', '상품', '가치', '물건', '위조', '률', '관세', '혐의', '차례', '중국', '총', '벌', '밀수', '부당', '리득', '조사', '한국', '관세청', '리', '동현', '특수', '사과', '통관', '속도', '위해', '한국', '측은', '현재', '간이', '출신', '고제', '검사', '비용', '인하', '등', '조치', '취하', '이번', '사건', '혐의', '점', '악용', '상품', '가치', '표시', '밀수', '한', '혐의', '고', '한편', '의류', '밀수', '등', '사건', '빈발', '한국', '관세청', '의류', '제조', '공장', '물류', '공항', '등', '수출입', '의류', '원산지', '대한', '단속', '검사', '률', '인상', '등', '통해', '시장', '질서', '유지', '하기', '하여', '단속', '연변', '일보', '사업', '부']
http://www.iybrb.com/news/content/2018-12/17/61_337497.html	조선 ‘김치전시회’ 마련-연변일보 Yanbian Daily	82	2	54	24	2	['호텔', '호텔']	['최근', '조선', '전국', '전시회', '려', '위치', '료리', '축전', '이번', '전시회', '조선민족', '음식', '세계', '건강', '식품', '방법', '만들어져', '전시', '청', '류관', '등', '료리', '사들이', '평소', '련마', '해온', '재치', '향기', '조화', '통', '총각김치', '등', '이번', '전시회', '평가', '평양', '국제', '청', '류관', '평안남도', '녀', '맹위', '회', '등', '단위', '료', '리사', '가정', '상장', '수여', '관련', '시상식', '외신', '종합']
http://www.iybrb.com/news/content/2018-12/24/61_338300.html	조선반도 비핵화, 미국과 조선의 공동 노력 필요-연변일보 Yanbian Daily	149	3	103	43	0	['론', '싱가포르', '론']	['조선', '중앙', '통신', '론평', '발표', '조선', '중앙', '통신', '일전', '발표', '서명', '론평', '비핵화', '실현', '위해', '미국', '조선', '노력', '강조', '평의', '미국', '대', '조선', '적대', '정책', '중단', '대', '조선', '제재', '조치', '해제', '강압', '제재', '통해', '조선', '핵', '포기', '일방', '요구', '해서는', '론평', '지금', '조미', '비핵화', '대한', '미국', '인식', '미국', '비핵화', '개념', '부분', '개념', '지적', '론평', '조미', '동성', '약속', '비핵화', '미국', '단어', '함', '리해', '강조', '론평', '미국', '조선', '대한', '핵', '위협', '조선', '핵', '억제', '보유', '하지', '근원', '조선', '핵', '억제', '해제', '하기', '전', '대', '조선', '미국', '핵', '위협', '제거', '비핵화', '할', '대', '조선', '적대시', '정책', '종식', '제재', '해제', '등', '미국', '실천', '할', '강조', '평양', '신화통신']
http://www.iybrb.com/news/content/2018-12/18/61_337671.html	조선 관원: “미국의 조선 지도간부 제재는 도발행위”-연변일보 Yanbian Daily	192	2	140	48	2	['올린', '싱가포르']	['평양', '신화통신', '조선', '외무성', '미국', '연구소', '정책', '연구실', '실장', '담화', '발표', '하여', '미국', '인권', '문제', '조선', '고위', '미국', '제재', '명단', '도발', '행위', '지적', '조선', '중앙', '통신', '발표', '담화', '내용', '조선', '외무성', '관원', '조미', '정상', '회담', '후', '개', '월간', '미국', '매일', '조선', '악의', '중상', '조선', '돈세탁', '참여', '선박', '통한', '운반', '이전', '등', '비법', '거래', '진행', '각종', '차례', '조선', '등', '회사', '개인', '선박', '대해', '제재', '조치', '가하고', '관원', '최근', '미국', '존재', '하지도', '인권', '문제', '주권국', '조선', '정부', '지도', '미국', '제재', '명단', '도발', '행위', '감행', '언급', '관원', '상대', '위협', '공갈', '압박', '행위', '결코', '문제', '법', '조선', '신뢰', '할', '시작', '단계', '별로', '진행', '방식', '미관', '개선', '할', '주장', '고', '지적', '미국', '재무부', '명의', '조선', '고위', '부가', '관리', '부처', '인권', '침해', '등', '혐의', '리', '유로', '명', '제재', '대상', '명단', '제재', '명단', '명의', '관원', '조직', '도부', '부장', '선', '전선', '동부', '부장', '정경', '택', '조선', '국가', '부장']
http://www.iybrb.com/news/content/2019-08/31/61_371297.html	“군사정보 더는 공유하지 않는다!”-연변일보 Yanbian Daily	541	6	379	151	5	['브리핑', '론', '아시아', '나토', '폼페이', '국무장관']	['한국', '일본', '갈등', '국군', '협력', '영향', '동아시아', '지역', '미국', '전략', '배치', '차질', '신화통신', '한국', '청와대', '국가안보실', '차장', '김유근', '한국', '한일', '군사', '정보', '보호', '협정', '종료', '할', '한일', '량국', '무역', '분쟁', '난제', '봉착', '관련', '협정', '종료', '관계', '층', '악화', '분석', '여파', '한국', '미국', '일본', '안보', '협력', '한미', '동맹', '관계', '향후', '발전', '의혹', '김유근', '차장', '일본', '정부', '달초', '근거', '제출', '하지', '상황', '한일', '신뢰', '안보', '문제', '리', '유로', '일본', '무역', '백색', '국가', '명단', '한국', '삭제', '안보', '협력', '변화', '한국', '안보', '분야', '군사', '정보', '공유', '협정', '연기', '한국', '국가', '리익', '부합', '인정', '한국', '협정', '내', '외교', '경로', '통해', '협의', '종료', '통보', '할', '방침', '한일', '관련', '협정', '정식', '체결', '유효', '기한', '정', '반대', '하지', '협정', '기한', '자동', '연기', '만약', '협정', '종료', '매년', '전', '상대방', '협정', '종료', '통보', '규정', '한국', '민심', '조사', '협정', '연기', '응답', '찬성', '응답', '한국', '언론', '진보', '당파', '지지자', '대', '이상', '협상', '연기', '반대', '비률', '보수파', '지지자', '대중', '협정', '연기', '찬성', '비률', '한국', '립', '표명', '여지', '한국', '청와대', '일본', '보복조치', '철회', '한일', '친선', '협력', '관계', '복원', '할', '경우', '협정', '포함', '협정', '내', '조치', '검토', '할', '고', '강조', '페지', '가', '종료', '결정', '원인', '한국', '협정', '종료', '통보', '후', '일본', '일본', '주재', '한국', '대사', '남관', '표', '한국', '재계약', '불허', '통보', '항의', '한국', '관련', '결정', '당면', '지역', '안보', '환경', '대한', '유감', '표', '한국', '협정', '연기', '불허', '한국', '대한', '일본', '수출', '통제', '문제', '전혀', '문제', '한일', '정부', '일제', '식민지', '통치', '기간', '로동', '손해배상', '청구', '합의', '하지', '일본', '한국', '수출', '반도체', '소재', '대한', '심사', '통제', '발표', '량국', '무역', '분쟁', '유발', '한편', '금년', '일본', '한국', '무역', '편의', '백색', '국가', '명단', '선후', '하여', '상대방', '삭제', '난이', '격', '한국', '관련', '조치', '철회', '할', '한국', '촉구', '관계', '발전', '협정', '전망', '검토', '한국', '국립외교원', '교수', '한국', '정부', '협정', '종료', '결단', '일본', '정부', '압박', '하기', '수단', '수출', '통제', '대한', '일본', '태도', '변화', '이끌어내기', '분석', '협정', '종료', '한일', '량국', '갈등', '증폭', '한편', '한국', '미국', '일본', '군사', '협력', '영향', '주고', '동북아시아', '미국', '전략', '포', '분석', '일본', '신문', '은', '한일', '군사', '정보', '직접', '교환', '안보', '협력', '상징', '표', '일본', '방위성', '관원', '한일', '군사', '유가', '미국', '통해', '경우', '정보', '실효', '영향', '대응', '인정', '전문가', '당초', '한일', '정보', '협력', '적극', '추진', '측은', '미국', '한국', '미국', '일본', '등', '동맹', '구축', '동북아시아', '패권', '지위', '수호', '하려', '미국', '인정', '한일', '정보', '협력', '중단', '미국', '타산', '영향', '미국', '오', '한국', '결정', '한국', '일본', '대화', '전개', '관계', '정상', '궤도', '복귀', '할', '희망']
http://www.iybrb.com/news/content/2018-12/26/61_338799.html	남북, 개성서 철도·도로 련결 착공식 개최-연변일보 Yanbian Daily	151	2	112	27	10	['세리머니', '인터넷']	['남북', '철도', '도로', '련결', '대화', '사업', '리', '정표', '착공', '식이', '북', '개성', '판문역', '남', '북', '오전', '북경시', '판문역', '주요', '인사', '각', '여명', '참석', '경의선', '동해', '선', '철도', '도로', '련결', '대화', '착공', '개최', '남', '참석자', '오전', '북경시', '이하', '북경시', '경', '량', '편성', '호', '특별', '렬차', '타고', '출발', '도라산역', '오전', '군사분계선', '통과', '판문역', '도착', '북', '참석자', '렬차', '타고', '판문역', '오전', '진행', '착공', '행사', '남', '국토교통부', '장관', '북', '철도성', '부상', '착공', '사를', '한', '남북', '철도', '도로', '협력', '의지', '상징', '남북', '참석자', '장관', '부상', '침목', '서명', '궤도', '궤도', '체결', '도로', '표지판', '제막식', '한', '후', '기념', '촬영', '북', '악단', '개', '페식', '공연', '곁들여졌다', '착공', '남북관계', '교통', '등', '장관', '인사', '남북', '고위', '인사', '연변', '일보', '사업', '부', '외신']
http://www.iybrb.com/news/content/2019-06/24/61_361575.html	김정은 트럼프의 친서 받아-연변일보 Yanbian Daily	93	3	56	34	0	['트럼프', '트럼프', '트럼프']	['평양', '신화통신', '조선', '중앙', '통신사', '보도', '조선', '최고', '지도자', '미국', '대통령', '친서', '편지', '내용', '담겨있다', '고', '편지', '내용', '심중', '표', '보도', '친서', '후', '만족', '표', '편지', '내용', '담겨있다', '고', '대통령', '정치', '판단', '능력', '용기', '사의', '표', '고', '편지', '내용', '심중', '조선', '중앙', '통신사', '동시', '책상', '편지', '사진', '장', '공개', '보도', '친서', '구체', '내용', '편지', '시간', '대해']
http://www.iybrb.com/news/content/2019-06/22/61_361491.html	한국, 조선에 5만톤 국산쌀 지원 결정-연변일보 Yanbian Daily	66	0	46	20	0	[]	['신화통신', '한국', '통일부', '한국', '정부', '세계', '식량', '계획', '통해', '조선', '국산', '지원', '하기로', '결정', '선포', '한국', '통일부', '발표', '성명', '한국', '세계', '식량', '계획', '협상', '후', '결정', '통일부', '이번', '지원', '식량', '속도', '조선', '주민', '전달', '이번', '식량', '지원', '결과', '조선', '대한', '추가', '지원', '시기', '규모', '결정', '할']
http://www.iybrb.com/news/content/2019-01/04/61_339680.html	한국, 김정은의 반도비핵화 실현 립장 환영-연변일보 Yanbian Daily	77	0	66	11	0	[]	['한조', '관계', '발전', '계속', '추진', '신화통신', '한국', '정부', '발표', '성명', '한국', '조선', '최고', '지도자', '신년사', '반도', '비핵화', '실현', '반도', '평화', '구축', '북남관계', '확대', '립', '환영', '표', '성명', '한국', '정부', '남북', '체결', '선언', '리행', '남북관계', '대폭', '개선', '반도', '비핵화', '실현', '반도', '항구', '평화', '기제', '구축', '립', '일관', '견지', '성명', '향후', '한국', '정부', '한국', '국민', '쌍방', '화해', '협력', '추진', '한국', '조선', '관계', '발전', '계속', '추진', '할', '계획', '신화통신']
http://www.iybrb.com/news/content/2019-06/29/61_362436.html	한국서 이는 마라탕 열풍, 매출은 100배 가까이 급증!-연변일보 Yanbian Daily	180	2	95	80	3	['네티즌', '인터넷']	['최근', '한국', '층', '중심', '인기', '한국', '중앙', '일보', '인용', '최근', '한국', '중국', '맥주', '약진', '보도', '보도', '최근', '년', '등', '중국', '음식', '한국', '소비자', '인기', '실제', '인근', '식당', '최근', '광화문', '여의도', '강남', '확산', '동네', '상권', '침투', '전', '한국', '외식', '업계', '선풍', '인기', '조선족', '동포', '창업', '급증', '한국', '전자', '상가', '포의', '통계', '중국', '향', '조미료', '과', '식', '재료', '매출', '이상', '재료', '매출', '이상', '한편', '한국', '편의점', '류행', '생길', '정도', '최근', '년', '등', '중국', '음식', '소비자', '인기', '중국', '맥주', '인기', '설명', '소식', '중국', '한국', '열풍', '별로', '한국', '자신', '발명', '발표', '등', '다소', '반응', '전해졌다', '연변', '일보', '사업', '부']
http://www.iybrb.com/news/content/2019-06/22/61_361498.html	조선, 새 전략적 로선 실시 경제사회 발전에서 새 성과 이룩-연변일보 Yanbian Daily	385	7	265	109	4	['킬로', '메터', '메터', '메터', '프로젝트', '부지역', '파키스탄']	['각', '업종', '건설', '적극', '투입', '한해', '생산', '목표', '초과', '완수', '평양', '신화통신', '기', '차', '회의', '위원장', '국무위원', '회', '위원장', '전당', '전국', '단합', '사회주의', '건설', '진행', '전략', '로선', '제출', '조선', '사회주의', '사업', '단계', '의미', '전략', '로선', '실시', '년', '위원장', '각지', '공장', '건설', '현장', '양로원', '발전소', '작업', '현장', '시찰', '조선', '증산', '돌격', '운동', '전개', '각', '업종', '건설', '적극', '투입', '한해', '생산', '목표', '초과', '완수', '성과', '초', '위원장', '신년', '축사', '당', '전략', '로선', '자력', '갱생', '분투', '국력', '증강', '인민', '리', '실현', '할', '고', '강조', '조선', '기', '최고', '인민', '회의', '차', '회의', '위원장', '시정', '연설', '발표', '조선', '직면', '중심', '과업', '국가', '력량', '건설', '집중', '사회주의', '물질', '토대', '공고', '국민', '경제', '자립', '성과', '주체성', '강조', '평양', '인민', '경제', '자립', '인민', '경제', '주체성', '인민', '생활수준', '향상', '등', '홍보물', '건설', '총력', '조선', '결심', '의지', '조선', '중앙', '통신사', '지난', '조선', '기초', '시설', '건설', '국민', '경제', '발전', '성과', '보도', '조선', '전국', '범위', '내', '도로', '보수', '교량', '신규', '건설', '하천', '제방', '여', '립방', '제방', '립방', '보수', '조선', '전력', '부문', '생산', '설비', '정돈', '기술', '개조', '발전소', '발전소', '등', '건설', '추진', '순천', '덕천', '북창', '등', '탄광', '장량', '채굴', '조건', '량호', '작업장', '건설', '야금', '공장', '강철', '제련', '기술', '강철', '재료', '생산', '수준', '조선', '당', '정부', '민생', '분야', '일련', '조치', '취해', '도농', '주민', '생활수준', '개선', '중순', '년', '정식', '개장', '평양', '백화', '상점', '평양', '시', '종합', '상점', '평양', '시민', '식품', '의류', '화장품', '가전제품', '등', '생활', '필수품', '구입', '할', '하순', '평양', '대', '혁명', '전시관', '조선', '기', '국제상품', '전시회', '중국', '등', '국가', '지역', '여개', '회사', '참가', '제품', '사상', '최대', '규모', '이번', '전시회', '조선', '민중', '외국', '제품', '선호', '제품', '구입', '평양', '개장', '상점', '행인', '조선', '전략', '로선', '조선', '경제', '사회', '발전', '변화', '실감']
http://www.iybrb.com/news/content/2019-07/06/61_363339.html	한국 연예인 김수현 제대에 국내 언론 일제히 보도-연변일보 Yanbian Daily	163	7	104	43	9	['팬', '만나', '브랜드', '모델', '드라마', '모델', '인터넷']	['국내', '다수', '매체', '한국', '중앙', '일보', '보도', '인용', '하여', '한국', '배우', '군', '복무', '만기', '제대', '보도', '보도', '오전', '경기도', '파주시', '취재', '진', '제대', '인사', '군', '생활', '의지', '순간', '대해', '군', '생활', '할', '친구', '보', '소대', '중대', '차서', '친구', '친해진', '의지', '고', '오전', '수색대', '현역', '군', '복무', '어린', '시절', '심장', '질환', '징병검사', '당시', '대체', '복무', '해당', '급', '공익', '근무', '요원', '판정', '현역', '입대', '향', '의지', '건강', '관리', '급', '판정', '현역', '입대', '관계자', '제대', '후', '일정', '찬', '상태', '대전', '모', '계약', '체결', '영화계', '요청', '한', '광고', '업계', '군', '입대', '전', '광고', '계약금', '약', '제대', '후', '대체로', '한국', '남자', '연예인', '중', '최고', '수준', '연변', '일보', '사업', '부']
http://www.iybrb.com/news/content/2019-07/03/61_363014.html	한국, 일본에 ‘경제보복’ 조치 철회 촉구-연변일보 Yanbian Daily	110	0	81	29	0	[]	['대응', '책', '중', '신화통신', '한국', '외교부', '한국', '정부', '한국', '수출', '반도체', '소제', '대해', '규제', '일본정부', '최근', '선언', '우려', '표', '일본', '조치', '철회', '촉구', '한국', '외교부', '대변인', '정례', '기자회견', '일본', '조치', '한일', '관계', '극적', '영향', '한국', '유감', '표', '한국', '정부', '조치', '한국', '경제', '영향', '분석', '관련', '기업', '협력', '대응', '책', '한국', '여론', '일본', '한일', '간', '외교', '문제', '경제', '무역', '분야', '확대', '한일', '량국', '관계', '악화', '지적', '업계', '인사', '일본', '제한', '조치', '기적', '한국', '반도체', '생산', '부정', '영향', '일본', '반도체', '산업', '영향', '분석']
http://www.iybrb.com/news/content/2019-06/29/61_362441.html	[송중기-송혜교 파경] ‘세기의 커플’ 련애부터 리혼까지…-연변일보 Yanbian Daily	354	14	171	164	5	['드라마', '드라마', '커플', '팬미팅', '게스트', '발리', '호텔', '호텔', '아이유', '콘서트', '프로필', '코리아', '드릴', '인터넷']	['한국', '배우', '상대로', '가정법원', '리혼', '조정', '신청', '변호인', '통해', '소식', '전', '해드려', '리혼', '조정', '절차', '진행', '고', '따져가며', '비난', '하기', '리혼', '절차', '하기를', '희망', '고', '부부', '태양', '후예', '통해', '연인', '발전', '결혼', '부부', '연', '개월', '각자', '현실', '부부', '태양', '후예', '연', '중국', '성도', '초대', '려행', '목격담', '제기', '부인', '소속사', '통해', '결혼', '소식', '전', '당시', '소속사', '전', '소식', '전하', '점', '대해', '량해', '부부', '인연', '결혼식', '예정', '내용', '신라', '결혼식', '여명', '하객', '축하', '평생', '약속', '결혼식', '신혼', '려행', '관람', '미국', '지인', '결혼식', '동반', '참석', '자신', '사진', '사진', '결혼반지', '리혼', '제기', '리혼', '부정', '공식', '리혼', '립', '전문', '아껴주시는', '소식', '전', '해드리게', '전', '리혼', '조정', '절차', '진행', '따져가며', '비난', '하기보다는', '리혼', '절차', '하기를', '희망', '사생활', '대한', '점', '량해', '지금', '상처', '연기자', '작품', '활동', '최선', '하여', '작품', '보답', '감사합니다', '배우', '립', '전문', '안녕하십니까', '소속사', '소식', '인사', '현재', '당사', '배우', '남편', '고민', '리혼', '절차', '사유', '성격', '차이', '극복', '하지', '부득이', '결정', '외', '구체', '내용', '배우', '사생활', '이기', '확인', '점', '량해', '구합', '위해', '자극', '보도', '추측', '댓글', '등', '자제', '심려', '향후', '인사', '노력', '감사합니다', '연변', '일보', '사업', '부']
http://www.iybrb.com/news/content/2019-06/29/61_362442.html	송중기-송혜교 이혼조정에 아시아 전체 연일 떠들썩!-연변일보 Yanbian Daily	392	18	194	170	10	['진행중', '드라마', '루머', '루머', '아이디', '커플', '아시아', '블로그', '사이트', '뉴스', '아시아', '톱뉴스', '온라인', '루머', '톱스타', '메시지', '웨딩카', '인터넷']	['배우', '이혼', '조정', '대한', '관심', '한', '출연', '소환', '상태', '연루', '대하', '소속사', '측은', '전혀', '사실', '무근', '강경', '대응', '예고', '역시', '자체', '수집', '등', '대응', '의', '이혼', '소식', '전반', '화제', '과거', '궁합', '조명', '한국', '사주', '논리', '여행', '운영', '사주', '철학가', '석호', '씨', '지난', '결혼', '궁합', '해당', '내용', '이별', '수가', '결혼', '이혼', '당사자', '결정', '운', '혼수', '극복', '공표', '파경', '소식', '업계', '관계자', '정말', '충격', '반응', '중국', '파경', '소식', '공유', '상황', '오전', '기준', '실시간', '매체', '별', '관련', '보도', '한류', '관련', '예측', '발생', '만우절', '반응', '파경', '소식', '직후', '원인', '분석', '추측', '소문', '확산', '원색', '비난', '이혼', '조정', '신청', '재산', '분배', '문제', '추측', '내용', '일단', '측은', '이혼', '절차', '돌입', '사실', '외', '입장', '측', '자료', '사유', '성격', '차이', '외', '내용', '사생활', '이기', '확인', '자극', '보도', '추측', '댓글', '자제', '내용', '보면', '대해', '대응', '입장', '영화', '만난', '이혼', '언급', '응원', '자신', '통해', '선택', '존중', '최고', '선택', '결혼', '당시', '사진', '게재', '친분', '지난', '결혼식', '직접', '참석', '축하', '당시', '사진', '게재', '결혼식', '진주', '보석', '협찬', '사', '등', '허례', '의식', '내', '본', '건', '행동', '혜교', '정리', '맹세', '할', '고', '사실', '하지', '진짜', '시집간다', '고', '하기도', '한편', '연기', '활동', '치유', '연대기', '출연', '중이', '영화', '승리', '호', '촬영', '영화', '안나', '출연', '검토', '중이', '연변', '일보', '사업', '부']
http://www.iybrb.com/news/content/2019-09/02/61_371449.html	조선관원, “미국과의 대화 기대 점차 소실”-연변일보 Yanbian Daily	96	6	63	24	3	['폼페이', '국무장관', '폼페이', '국무장관', '폼페이', '국무장관']	['조치', '검토', '경고', '평양', '신화통신', '조선', '최', '외무성', '부상', '미국', '대화', '기대', '점점', '미국', '일부', '행위', '감안', '조선', '지금', '취한', '조치', '검토', '경고', '최', '부상', '성명', '발표', '미국', '오', '비리', '성적', '발언', '조선', '대한', '모독', '지적', '미국', '퇴역군인', '협회', '주최', '한', '행사', '오', '조선', '불량', '행위', '간과', '해서는', '최', '부상', '오', '선', '대화', '복구', '준비', '조미', '실무', '협상', '조미', '관계', '한층', '악화시켰다고', '표']
http://www.iybrb.com/news/content/2019-08/19/61_369484.html	조선 매체, 미한 합동군사훈련 규탄-연변일보 Yanbian Daily	165	1	127	36	1	['싱가포르']	['조선', '매체', '합동', '군사훈련', '규탄', '조선', '상대로', '한', '조선', '매체', '미국', '한국', '진행', '합동', '군사훈련', '조미', '정상', '회동', '한', '관련', '약속', '조선', '상대로', '한', '전쟁', '시연', '국가', '주권', '존엄', '수호', '하기', '위해', '조선', '부득이', '대응조치', '취하', '규탄', '조선', '중앙', '통신', '실어', '합동', '군사훈련', '중지', '상이', '회담', '판문점', '회동', '약속', '문제', '지적', '합동', '군사훈련', '조미', '동성', '대한', '무시', '도전', '침략', '성격', '감출', '강조', '미국', '조선', '반복', '경고', '명기', '지적', '조선', '최고', '인민', '회의', '상임', '위원회', '내각', '기관지', '민주', '조선', '도', '론설', '발표', '합동', '군사훈련', '조선', '자극', '조선', '반도', '평화', '안정', '대화', '문제', '해결', '립', '당국', '군사', '적대시', '행동', '계속', '조선', '대화', '동력', '점차', '표', '조선', '중앙', '통신', '조선', '최고', '지도자', '오전', '신형', '무기', '시험', '발사', '재차', '지도', '조선', '최근', '수차', '진행', '무기', '시험', '발사', '중', '최신', '차례', '소개']
http://www.iybrb.com/news/content/2019-07/17/61_364805.html	“미한 합동군사연습조미 실무협상에 영향”-연변일보 Yanbian Daily	135	2	109	22	2	['트럼프', '싱가포르']	['조선', '외무성', '대변인', '지적', '평양', '신화통신', '미국', '한국', '일단', '동맹', '합동', '군사연습', '가동', '하면', '미실', '무협', '영향', '조선', '외무성', '대변인', '지적', '조선', '중앙', '통신', '대변인', '상이', '판문점', '회', '동한', '계기', '미실', '무협', '의사', '일정', '지금', '미국', '조선', '최고', '령도자', '한', '약속', '어기', '한국', '동맹', '합동', '군사연습', '진행', '하려', '시도', '군사연습', '현실', '경우', '조미', '실무', '협상', '영향', '지적', '전', '조선', '외무성', '대변인', '발표', '담화', '미국', '한국', '진행', '하려', '계획', '동맹', '합동', '군사연습', '실질', '조선', '상대로', '한', '전쟁', '시연', '규탄', '대변인', '미국', '대통령', '조미', '정상회담', '판문점', '회담', '직접', '합동', '군사연습', '중단', '약속', '미국', '합동', '군사연습', '재개', '하려', '시도', '조미', '동성', '본정신', '대한', '연한', '위반', '조선', '대한', '로골', '압박', '조선', '경각성', '유지']
http://www.iybrb.com/news/content/2019-08/19/61_369488.html	조선 미국 끊임없는 “힘”자랑...그 진실은?-연변일보 Yanbian Daily	588	21	407	154	6	['미사일', '카드', '카드', '아시아', '미사일', '카드', '미사일', '싱크', '센터', '미사일', '라운드', '보이', '트럼프', '미사일', '트럼프', '트럼프', '트럼프', '미사일', '트럼프', '하노이', '트럼프']	['조미', '량국', '반도', '비핵화', '공동', '인식', '달성', '전', '조선', '발사', '한미', '합동', '군사연습', '상대', '압력', '가해', '비핵화', '담판', '협상', '쟁취', '하기', '조미', '쌍방', '상대', '압력', '가하는', '동시', '여지', '대화', '담판', '통해', '정치', '수단', '핵', '문제', '해결', '쌍방', '공동', '인식', '북경', '신화통신', '한국', '군', '조선', '발사체', '매', '발사', '조선', '진행', '발사', '진행', '한미', '합동', '군사연습', '간주', '전문가', '조선', '미국', '한편', '발사', '합동', '군사연습', '각축', '한편', '협상', '쟁취', '하기', '위해', '여지', '향후', '쌍방', '분쟁', '효과', '동인', '모색', '문제', '해결', '관건', '분석', '최근', '조선', '발사', '활동', '전개', '차례', '발사', '각기', '진행', '조선', '만약', '합동', '군사연습', '고집', '조선', '미국', '사업', '협상', '영향', '미국', '한국', '경고', '조선', '중앙', '통신사', '진행', '발사', '호전', '한국', '군', '최근', '공격', '무기', '입하', '합동', '군사연습', '강행', '대한', '경고', '보도', '조선', '번', '경고', '불구', '미국', '한국', '계획', '합동', '군사연습', '전개', '조선', '외무성', '대변인', '한미', '합동', '군사연습', '조미', '동성', '조선', '한국', '선언', '위반', '비난', '조선', '조치', '미국', '한국', '전적', '책임져야', '중국', '사회과학', '태평양', '세계', '전략', '연구원', '왕준', '생', '연구원', '조선', '최근', '진행', '발사', '활동', '국방력', '량', '발전', '목적', '미국', '양보', '자극', '분석', '왕준', '생', '연구원', '조미', '량국', '반도', '비핵화', '동인', '달성', '조선', '발사', '한미', '합동', '군사연습', '상대', '압력', '가해', '비핵화', '담판', '협상', '쟁취', '하기', '조선', '지난', '번', '발사', '발사체', '사거리', '단거리', '발사체', '조선', '신형', '전술', '유도', '무기', '조종', '방사포', '주장', '미국', '일본', '한국', '단거리', '주장', '미국', '미국', '안전', '겸직', '고급', '연구원', '김도연', '조선', '단거리', '선택', '발사', '태도', '보여', '국면', '조미', '담판', '전개', '동시', '미국', '자극', '하지', '분석', '미국', '보면', '미국', '조선', '경고', '무시', '군사연습', '고집', '조선', '발사', '활동', '태도', '미국', '대통령', '조선', '단거리', '발사', '행위', '위원장', '달성', '협의', '어기', '표', '미국', '국방', '장관', '미국', '조선', '발사', '활동', '반응', '취하', '대화', '대문', '계속', '열어', '표', '대통령', '백악관', '조선', '최고', '지도자', '편지', '위원장', '편지', '한미', '합동', '군사연습', '대한', '불만', '토로', '대통령', '편지', '적극', '내용', '인정', '대통령', '조선', '장거리', '핵실험', '진행', '하지', '강조', '위원장', '회담', '표', '전문가', '위원장', '편지', '대통령', '편지', '내용', '공개', '관련', '립', '조선', '단거리', '발사체', '발사', '미국', '태도', '등등', '쌍방', '압력', '가하는', '동시', '여지', '의미', '전문가', '대화', '담판', '통해', '정치', '수단', '핵', '문제', '해결', '쌍방', '동인', '조미', '지도자', '회담', '무산', '후', '미관', '반도', '비핵화', '담판', '교착상태', '판문점', '대통령', '위원장', '회견', '대화', '담판', '기회', '쌍방', '협상', '가동', '진전', '담판', '미국', '핵', '포기', '하지', '제재', '완화', '하지', '조선', '요구', '조선', '단계', '별', '행동', '대', '행동', '원칙', '견', '지하', '단번', '거래', '하지', '표', '왕준', '생', '연구원', '쌍방', '상호', '신뢰', '쟁점', '상황', '비핵화', '담판', '미국', '조선', '합리', '관심', '제공', '쌍방', '각', '노력', '비핵화', '방식', '목표', '쟁점', '완화', '할', '반도', '문제', '해결', '관건', '표']
http://www.iybrb.com/news/content/2019-07/22/61_365433.html	조선, 제19기 지방인민회의 의원 선거 진행-연변일보 Yanbian Daily	114	0	86	25	3	[]	['조선', '기', '지방', '인민', '회의', '의원', '선거', '진행', '평양', '신화통신', '조선', '기', '지방', '인민', '회의', '의원', '선거', '선거', '통해', '조선', '전국', '각', '도', '직할시', '시', '구', '군', '인민', '회의', '의원', '선출', '평양', '김정숙', '방직', '공장', '내', '투표소', '현지', '주민', '질서', '서', '투표', '현장', '적지', '명절', '복장', '조선', '헌법', '규정', '지방', '인민', '회의', '의원', '보편', '평등', '직접', '선거', '원칙', '투표', '방식', '선출', '지방', '인민', '회의', '임기', '지방', '국민', '발전', '계획', '집행', '지방', '예산', '집행', '심사', '비준', '본급', '인민', '위원회', '위원장', '부위', '원장', '선거하거나', '면직', '등', '직권', '행사']
http://www.iybrb.com/news/content/2019-07/13/61_364255.html	한국 일본에 수출규제 철회 요구-연변일보 Yanbian Daily	167	7	127	31	2	['제네바', '제네바', '시스템', '스마트폰', '칩', '칩', '디스플레이']	['자유', '평등', '무역', '정신', '신화통신', '세계', '무역', '기구', '상품', '무역', '리', '사회', '한국', '측은', '한국', '상대로', '시행', '반도체', '부품', '수출', '규제', '철회', '할', '일본', '요구', '한국', '측은', '일본', '실시', '수출', '규제', '전자제품', '글로벌', '가치', '교란', '글로벌', '기업', '일본', '기업', '영향', '경고', '일본', '행위', '세계', '무역', '기구', '회원', '노력', '수호', '해온', '자유', '평등', '무역', '정신', '대해', '일본', '측은', '최근', '취한', '조치', '무역', '수출입', '금지', '사항', '해당', '하지', '안보', '관련', '수출', '점검', '차원', '회답', '일본', '측은', '단지', '과거', '한국', '적용', '간소화', '수속', '과정', '정상', '조정', '세계', '무역', '기구', '규칙', '결코', '위반', '반박', '이번', '규제', '대상', '한국', '대외', '수출', '반도체', '부품', '해당', '부품', '등', '산업', '주요', '원자재', '한국', '전문가', '한국', '기업', '일본', '반도체', '부품', '소비자', '동시', '저장', '주요', '공급', '만약', '부품', '수입', '제한', '제품', '생산', '차질', '영향', '초래', '할', '주장']
http://www.iybrb.com/news/content/2019-01/07/61_339807.html	2019년 세계 정세 관심사-연변일보 Yanbian Daily	442	30	312	93	7	['수리아', '수리아', '수리아', '이란', '수리아', '수리아', '수리아', '이스라엘', '사우디아라비아', '수리아', '이란', '수리아', '수리아', '싱가포르', '유럽', '유럽', '유럽', '유럽', '유럽', '유럽', '유럽', '프랑스', '유럽', '유럽', '유럽', '트럼프', '팀', '트럼프', '트럼프', '공화당']	['풍운', '변화', '일련', '초점', '문제', '모순', '갈등', '남아있다', '위기', '해결', '위기', '해결', '정부', '등', '지원', '대부분', '국토', '수복', '미국', '돌연', '선포', '국면', '미국', '대한', '영향력', '포기', '전략', '추진', '합쳐', '영향력', '배제', '토이기', '경내', '대해', '무력', '사용', '여부', '은', '변수', '남아있다', '지역', '내', '국가', '각축', '한', '문제', '중동', '정치', '도의', '초점', '남아있을', '핵', '문제', '중국', '국제사회', '적극', '추진', '정세', '변화', '발생', '미국', '조선', '지도자', '회담', '제재', '해제', '핵', '포기', '절차', '쟁의', '존재', '상황', '미조', '지도자', '회담', '후', '쌍방', '담판', '난국', '미국', '조선', '상호', '신뢰', '구축', '하여', '비핵화', '문제', '돌파', '변수', '남아있다', '영국', '련맹', '탈퇴', '추세', '영국', '련맹', '탈퇴', '최후', '기한', '탈퇴', '전의', '전망', '상황', '사안', '국내', '정치', '외교', '방향', '련맹', '역시', '준엄', '도전', '직면', '련맹', '탈퇴', '협의', '초안', '의회', '채택', '영국', '기정', '절차', '탈퇴', '수속', '협의', '초안', '부결', '담판', '성과', '수포', '영국', '무협', '상태', '련맹', '탈퇴', '영국', '련맹', '탈퇴', '협의', '초안', '대해', '재차', '담판', '가동', '영국', '차', '공민', '투표', '진행', '영국', '일방', '탈퇴', '청구', '철회', '할지에', '대한', '변수', '존재', '혼란', '격화', '발생', '여파', '등지', '번지', '일부', '국가', '하층', '민중', '불안', '불만', '정도', '루', '관련', '국가', '안정', '역시', '시련', '취업', '소득', '복지', '물가', '상승', '복합', '작용', '백성', '생활', '계속', '관련', '국가', '실질', '개혁', '추진', '할', '능력', '동력', '상황', '의', '력량', '궐기', '민생', '이민', '난제', '혼란', '상황', '내통', '혐의', '조사', '미국', '민주당', '국회', '하원', '통제', '하면', '내통', '혐의', '대한', '조사', '각', '론쟁', '치렬', '관련', '조사', '대통령', '핵심', '접근', '내통', '혐의', '죄명', '본인', '언급', '하지', '현직', '대통령', '기소', '여부', '대해', '서도', '미국', '법률', '쟁의', '계속', '상원', '통제', '상황', '민주당', '인사', '대통령', '탄핵', '하기까지는', '경제', '무역', '마찰', '경제', '무역', '마찰', '완화', '여부', '세인', '주목', '미국', '도발', '국제', '경제', '무역', '마찰', '세계', '경제', '복구', '진척', '애하', '한해', '세계', '경제', '최대', '쟁점', '무역', '긴장', '정세', '완화', '여부', '집중', '무역', '마찰', '금융', '투자', '산업', '분야', '일련', '련쇄반응', '세계', '대', '경제', '체인', '미국', '중국', '수반', '달성', '합의', '관철', '사안', '담판', '무역', '문제', '해결', '장기', '안정', '발전', '추진', '문제', '전망', '영향', '신화통신']
http://www.iybrb.com/news/content/2019-06/29/61_362452.html	조선, “미국 대 조선 적대시 정책 견지” 비난-연변일보 Yanbian Daily	162	4	120	38	0	['보이', '폼페이', '싱가포르', '하든']	['미국', '제재', '압박', '굴복', '하지', '평양', '신화통신', '조선', '외무성', '대변인', '담화', '발표', '미국', '대', '조선', '적대시', '정책', '견지', '비난', '조선', '미국', '제재', '압박', '굴복', '하지', '적대시', '정책', '계속', '유지', '한', '조선', '미국', '관계', '개선', '비핵화', '목표', '실현', '지적', '조선', '중앙', '통신사', '보도', '대변인', '미국', '최근', '인신매매', '보고', '국제', '종교', '자유', '보고', '조선', '비방', '등', '조선', '대한', '적대', '태도', '대변인', '오', '미국', '최근', '대한', '제재', '조선', '경제', '영향', '등', '문제', '대해', '지적', '대변인', '조미', '정상', '련', '합성', '대한', '정면', '도발', '대', '조선', '적대시', '행위', '절정', '지적', '대변인', '사실', '증명', '미국', '제재', '타격', '조선', '굴복', '야심', '변화', '심해지고', '량국', '정상', '신형', '량국', '관계', '구축', '위해', '노력', '조선', '적대시', '정책', '제정', '미국', '정치', '좌우', '지하', '한', '량국', '관계', '개선', '비핵화', '등', '목표', '실현']
http://www.iybrb.com/news/content/2019-08/26/61_370439.html	한국, 한일 "군사정보보호협정" 종료 결정-연변일보 Yanbian Daily	197	2	144	51	0	['채널', '채널']	['한국', '한일', '군사', '협정', '종료', '결정', '일본', '한국', '정부', '항의', '신화통신', '한국', '정부', '한일', '군사', '정보', '보호', '협정', '종료', '하기로', '결정', '일본', '정부', '외교', '통해', '한국', '정부', '항의', '한국', '청와대', '국가안보실', '관원', '일본', '근거', '제시', '하지', '한국', '일본', '신뢰', '훼손', '안보', '상의', '문제', '발생', '리유', '한국', '백색', '국가', '명단', '제외', '량국', '안보', '협력', '환경', '변화', '초래', '상황', '한국', '정부', '안보', '군사', '정보', '교류', '목적', '체결', '협정', '지속', '한국', '국가', '리익', '부합', '판단', '고', '협정', '의', '근거', '연장', '통보', '시한', '외교', '통해', '일본', '정부', '통보', '할', '예정', '한국', '협정', '종료', '통보', '일본', '외무', '주일', '한국', '대사', '소환', '한국', '항의', '전', '외무', '한국', '결정', '현', '안보', '환경', '대한', '판이', '유감', '표명', '한국', '협정', '종료', '하기로', '결정', '일본', '대', '한국', '수출', '규제', '문제', '전적', '별개', '문제', '한국', '리유', '고', '일본', '언론', '한국', '협정', '종료', '결정', '향후', '조선', '문제', '한', '협력', '영향', '관계', '지속', '악화', '면치', '할', '분석']
http://www.iybrb.com/news/content/2019-01/15/61_340826.html	명절분위기로 흥성이는 평양-연변일보 Yanbian Daily	102	0	62	35	5	[]	['평양', '봉사', '업체', '흥', '평양', '백화점', '보통강', '백화점', '광복', '지구', '상업', '중심', '등', '상업', '봉사', '단위', '상품', '봉사', '업체', '명절', '기간', '특별', '봉사', '하여', '증가', '찬', '방과', '대들도', '구매', '청', '류관', '평양', '대동강', '수산물', '식당', '각', '도', '특산', '식당', '급', '봉사', '업체', '평양', '랭면', '등', '민족', '음식', '명료', '리', '봉사', '하여', '현대', '종합', '문화', '후생', '시설', '식당', '류경', '창광', '고객', '봉사', '외신']
http://www.iybrb.com/news/content/2019-01/15/61_340936.html	한국, 바다서 사라진 명태 크기 상관없이 못 잡는다-연변일보 Yanbian Daily	128	3	90	34	1	['프로젝트', '모니터링', '인터넷']	['한국', '희귀', '해진', '명태', '위해', '포획', '년', '금지', '한국', '해양수산부', '내용', '담은', '수산', '자원', '관리', '법', '시행', '령', '개정안', '국무회의', '통과', '명태', '포획', '전면', '금지', '한국', '해양수산부', '고갈', '명태', '자원', '회복', '위해', '인공', '종자', '어린', '명태', '방류', '등', '명태', '진행', '명태', '년', '어획량', '정도', '중반', '기록', '이후', '연간', '어획량', '해수부', '수산', '자원', '정책', '과장', '최근', '명태', '단위', '등', '소식', '국민', '생선', '명태', '자원', '보호', '이번', '명태', '년', '포획', '금지', '기간', '신설', '명태', '효과', '보호', '자원량', '지속', '해서', '자원', '회복', '금지', '기간', '해제', '여부', '검토', '할', '연변', '일보', '사업', '부', '외신']
http://www.iybrb.com/news/content/2019-01/08/61_340069.html	“북남관계 조미관계의 부속물 되지 말아야”-연변일보 Yanbian Daily	117	1	83	32	1	['론']	['조선', '로동신문', '강조', '평양', '신화통신', '중앙', '위원회', '기관지', '로동신문', '은', '평원', '발표', '하여', '북남관계', '미관', '부속', '여서', '강조', '미국', '북남관계', '발전', '속도', '간섭', '대', '조선', '적대시', '정책', '견지', '비판', '북남', '쌍방', '량', '관계', '발전', '추동할', '호소', '북남관계', '변화', '발생', '따져놓고', '보면', '형식', '내용', '침체', '상태', '놓여있다고', '지적', '북남', '쌍방', '달성', '합의', '실제', '리행', '문제', '존재', '원인', '미국', '북남관계', '개선', '지지', '사실', '방해', '미국', '태도', '근원', '대', '조선', '적대시', '정책', '지적', '북남관계', '미국', '대', '조선', '적대시', '정책', '희생', '여서', '북남', '쌍방', '북남관계', '발전', '속도']
http://www.iybrb.com/news/content/2019-07/01/61_362585.html	정전 66년만에 남.북.미 정상 판문점서 상봉-연변일보 Yanbian Daily	346	23	190	126	7	['트럼프', '트럼프', '하노이', '트럼프', '트럼프', '만나', '하노이', '트럼프', '트럼프', '트럼프', '트럼프', '트럼프', '트럼프', '하노이', '트럼프', '트럼프', '만나', '팀', '마이크', '폼페이', '국무장관', '트럼프', '인터넷']	['미국', '대통령', '조선', '국무위원', '전격', '판문점', '남', '자유', '차', '조', '정상회담', '정전', '이후', '판문점', '만난', '대통령', '미국', '현직', '대통령', '최초', '군사분계선', '조선', '동시', '남', '북', '정상', '판문점', '극적', '이후', '조선', '비핵화', '협상', '재개', '조건', '대통령', '청와대', '한미', '정상회담', '대통령', '비무장지대', '초소', '방문', '량국', '정상', '자유', '이동', '대통령', '오후', '북경시', '이하', '북경시', '판문점', '남', '통일', '각', '위원장', '악수', '정상', '만난', '차', '조', '정상회담', '이후', '대통령', '위원장', '안내', '조선', '기념', '촬영', '위원장', '남', '오후', '회동', '문', '대통령', '합류', '남', '북', '정상', '간', '성사', '오전', '대통령', '통해', '위원장', '회', '전격', '제안', '한지', '일이', '위원장', '과거', '장소', '적대', '관계', '평화', '악수', '자체', '표현', '대통령', '지금껏', '발전', '관계', '의미', '고', '화답', '대통령', '위원장', '희망', '백악관', '방문', '할', '차', '조', '정상회담', '제안', '정상', '자유', '이동', '대통령', '위원장', '정상회담', '당초', '대통령', '방문', '전', '위원장', '만날', '고', '조', '정상', '회담', '긴', '단독', '회담', '대통령', '청와대', '국가안보실', '등', '자유', '내의', '별도', '공간', '회담', '결과', '차', '조', '정상회담', '오후', '대통령', '대통령', '위원장', '위원장', '대통령', '기자', '미국', '조선', '실무', '구성', '해서', '비핵화', '협상', '시작', '할', '오', '미국', '대', '조선', '정책', '특별', '대표', '할', '차', '조', '정상회담', '대통령', '경기도', '오산', '공군기지', '연설', '한', '박', '방한', '일정', '미국', '연변', '일보', '사업', '부', '외신']
http://www.iybrb.com/news/content/2019-02/16/61_344616.html	청와대, 트럼프 방위비 분담금인상 요구에 립장 표명-연변일보 Yanbian Daily	200	3	146	48	3	['트럼프', '트럼프', '트럼프']	['분담', '금', '인상', '여부', '협상', '결정', '신화통신', '한국', '대통령', '부', '청와대', '미국', '대통령', '최근', '한국', '미군', '방위', '분담', '금', '인상', '동의', '관련', '한국', '분담', '금', '인상', '할', '필요', '여부', '한미', '량국', '협상', '해서', '합의', '립', '표명', '대통령', '백악관', '회의', '한미', '방위', '분담', '문제', '언급', '한국', '응당', '방위', '분담', '지불', '할', '동의', '청와대', '대변인', '기자회견', '관련', '문제', '대답', '가', '서명', '방위', '의문', '기한', '한미', '량국', '기존', '합의', '연기', '협상', '하여', '결정', '할', '한국', '분담', '금', '인상', '여부', '한미', '량국', '협상', '정해', '분담', '금', '현', '수준', '유지', '할', '수도', '한편', '현지', '언론', '한국', '외교', '장관', '해외', '방문', '언론', '대통령', '해당', '금액', '언급', '배경', '파악', '량국', '달성', '합', '의문', '강조', '한미', '량국', '대표', '방위', '비분', '특별', '협정', '가', '서명', '협정', '근거', '한국', '미군', '방위', '전해', '대비', '인상', '협정', '유효', '한국', '여론', '보편', '한미', '량국', '방위', '분담', '관련', '일시', '타협', '협정', '만기', '이후', '미국', '한국', '분담', '금', '인상', '할', '우려']
http://www.iybrb.com/news/content/2019-02/16/61_344613.html	한국 자동차 생산량 3년째 하락-연변일보 Yanbian Daily	116	0	87	28	1	[]	['수출', '량', '감소', '신화통신', '최근', '발표', '집계', '한국', '자동차', '생산량', '감소', '한국', '감소', '대의', '자동차', '생산', '한국', '자동차', '생산량', '하락', '집계', '한국', '자동차', '수출량', '감소', '한국', '자동차', '수출량', '감소', '기록', '한국', '매체', '보도', '자동차', '생산량', '련속', '하락', '한국', '지난', '인도', '자동차', '생산', '량', '세계', '위로', '한국', '자동차', '산업', '협회', '로사', '관계', '긴장', '시장', '구조', '경직', '한국', '자동차', '산업', '비용', '효률', '상태', '장기', '생산', '단계', '한국', '자동차', '업계', '경쟁력', '약화', '원인', '작용', '진단', '한국', '자동차', '산업', '협회', '정부', '정책', '지원', '기업', '혁신', '통해', '한국', '자동차', '산업', '경쟁력', '촉구']
http://www.iybrb.com/news/content/2019-02/16/61_344618.html	조·한 민간단체 금강산서 북남선언 리행 호소-연변일보 Yanbian Daily	94	0	65	28	1	[]	['련', '진행', '평양', '신화통신', '조선', '한국', '해외', '민간', '단체', '조선', '금강산', '련', '진행', '북남', '선언', '리행', '박차', '가해', '북남관계', '발전', '추진', '할', '호소', '조선', '중앙', '통신', '전', '대표자', '회의', '발언', '사상', '리념', '정견', '제도', '차이', '련대', '련합', '실현', '하여', '북남관계', '발전', '조국', '통일', '위업', '수행', '전환', '강조', '조선', '중앙', '통신', '대표자', '회의', '외', '남', '북', '해외', '위원장', '회의', '참가', '단체', '별', '상봉', '결의', '진행', '전']
http://www.iybrb.com/news/content/2019-02/19/61_344938.html	한국, 생태탕 판매 전면 금지-연변일보 Yanbian Daily	102	1	70	31	0	['비시']	['한국', '해양수산부', '지난', '생태', '판매', '전면', '금지', '추운', '선호', '애호가', '생태', '판매', '금지', '소식', '악몽', '소형', '조기', '등', '조치', '리유', '급감', '명태', '자원', '등', '보호', '하기', '조치', '일환', '한국', '해양수산부', '어족', '자원', '보호', '위해', '해상', '주로', '실시', '해온', '불법', '어획', '단계', '이번', '위판', '회집', '등', '범위', '확대', '상점', '생태', '판매', '이하', '어린', '이하', '이하', '이하', '등', '판매', '할', '어획', '금지', '적발', '시', '최고', '이하', '징역', '한화', '이하', '벌금', '부과', '외신']
http://www.iybrb.com/news/content/2019-07/02/61_362812.html	조미 정상회담 결과 “아주 만족”-연변일보 Yanbian Daily	203	10	132	57	4	['트럼프', '폼페이', '국무장관', '트럼프', '트럼프', '싱가포르', '하노이', '만나', '트럼프', '트럼프']	['조선', '중앙', '통신', '보도', '력사', '상봉', '력사', '기적', '상봉', '정상', '건설', '대화', '재개', '적극', '추진', '동의', '평양', '신화통신', '조선', '최고', '령도자', '미국', '대통령', '판문점', '상봉', '조선', '중앙', '통신', '보도', '조선', '중앙', '통신', '최고', '수뇌', '이번', '회담', '성과', '만족', '건설', '대화', '재개', '적극', '추진', '동의', '전', '조미', '정상', '단독', '회담', '조선', '외무', '오', '미국', '참석', '회담', '진행', '최고', '수뇌', '련', '계해', '비핵화', '미관', '돌파구', '생산', '대화', '재개', '적극', '추진', '합의', '조선', '중앙', '통신', '령도자', '대통령', '상봉', '요청', '판문점', '이번', '력사', '상봉', '진행', '력사', '기적', '상봉', '최고', '수뇌', '과감', '결단', '적대시', '력사', '신뢰', '관계', '창조', '사건', '보도', '최고', '령도자', '대통령', '판문점', '작년', '군사분계선', '력사', '악수', '대통령', '재임', '미국', '대통령', '최초', '조선', '정상', '판문점', '한국', '자유', '대통령', '조미', '정상', '판문점', '자유', '시간', '회담', '회담', '후', '대통령', '언론', '조미', '쌍방', '향후', '주안', '실무', '대화', '재개', '할']
http://www.iybrb.com/news/content/2019-05/28/61_358212.html	한국 복수비자 발급대상에 추가-연변일보 Yanbian Daily	82	5	66	10	1	['비자', '비자', '비자', '비자', '비자']	['일전', '한국', '중국', '내', '복수', '발급', '대상', '도시', '현행', '개', '개', '추가', '총', '개', '대도시', '한국', '복수', '발급', '한국', '인당', '년', '수입', '북경', '상해', '광주', '심수', '등', '개', '도시', '복수', '발급', '대상', '지정', '소주', '하문', '천진', '남경', '항주', '무한', '청도', '등', '개', '도시', '복수', '발급', '대상', '추가', '하여', '시행', '한국', '법무부', '향후', '이번', '제도', '시행', '효과', '분석', '복수', '발급', '도시', '확대', '여부', '결정', '할', '계획', '종합']
http://www.iybrb.com/news/content/2019-09/18/61_373556.html	조미 실무협상, ‘량호한 회담’되길 기대-연변일보 Yanbian Daily	163	0	116	42	5	[]	['조선', '관원', '표시', '평양', '신화통신', '조선', '외무성', '미국', '사무', '책임진', '한', '국장', '담화', '발표', '후', '재차', '개최', '미실', '무협', '차례', '량호', '회담', '희망', '조선', '비핵화', '담판', '진전', '자체', '안전', '발전', '문제', '대한', '관심', '강조', '성명', '외무성', '관원', '조선', '중앙', '통신사', '통해', '담화', '발표', '미국', '이번', '화협', '통해', '문제', '해결', '립', '천명', '경축', '할', '일이', '미국', '조미', '담판', '제출', '임의', '방안', '미래', '미관', '적의', '증가', '결정', '표시', '관원', '조선', '제도', '안전', '영향', '주고', '조선', '발전', '위협', '장애', '제거', '여야', '비핵화', '관련', '담판', '강조', '조미', '지도자', '판문점', '회담', '진행', '후', '담판', '대치', '상태', '처', '조선', '외무성', '부상', '최선', '조선', '측은', '이번', '하순', '미국', '조미', '실무', '협상', '진행', '할', '의향', '미국', '동리', '익', '부합', '조선', '접수', '할', '방안', '촉구']
http://www.iybrb.com/news/content/2019-03/12/61_347987.html	조선시민들 자국산 양말 선호-연변일보 Yanbian Daily	86	1	61	22	2	['가스']	['조선', '시민', '선호', '산', '경공업', '제품', '평양', '양말', '공장', '생산', '양말', '조선', '생산', '섬유', '사계절', '남성', '녀성', '양말', '소비자', '호평', '공장', '섬유', '약재', '대한', '분석', '과학', '하여', '건강', '기능', '양말', '개발', '사업', '심혈', '최근', '명주', '양말', '항균', '양말', '섬유', '양말', '종류', '기능', '양말', '개발', '생산', '피부', '기능', '영양', '살균', '작용', '유해', '자외선', '보호', '작용', '기능', '양말', '대한', '수요', '생산', '증가', '외신']
http://www.iybrb.com/news/content/2019-06/04/61_359110.html	조선 화장품 브랜드 '은하수' 매장 모스크바에 곧 개설-연변일보 Yanbian Daily	164	14	102	46	2	['브랜드', '모스크바', '박스', '모스크바', '브랜드', '유라시아', '모스크바', '브랜드', '크림', '로션', '파운데이션', '샴푸', '크림', '로열젤리']	['조선', '대표', '화장품', '은하수', '매장', '예정', '최근', '따스통신', '전', '은하수', '화장품', '회사', '대표', '전', '평양', '로선', '항공', '편', '개', '분량', '회사', '화장품', '개장', '은하수', '매장', '제품', '소개', '대표', '최근', '기업인', '차례', '평양', '방문', '매장', '개장', '관련', '협의', '진행', '협력', '협정', '체결', '공동체', '제련', '합', '내', '판매', '품질', '증명서', '발급', '서류', '고', '설명', '조만간', '대표', '통해', '은하수', '화장품', '회원', '공급', '할', '계획', '조선', '은하수', '화장품', '진출', '근년', '협력', '관계', '조선', '통상', '경제', '분야', '협력', '확대', '노력', '은하수', '화장품', '평양', '화장품', '공장', '생산', '조선', '대표', '화장품', '각종', '치약', '화장', '등', '제품', '외', '제거', '용', '특수', '인삼', '등', '재료', '화장품', '함유', '화장', '등', '생산', '종합']
http://www.iybrb.com/news/content/2019-04/30/61_354703.html	한국, '딱 한잔만’ 마셔도 음주운전으로 적발-연변일보 Yanbian Daily	143	0	110	31	2	[]	['한국', '한잔', '음주운전', '적발', '가능성', '음주운전', '여부', '판별', '혈중', '농도', '기준', '면허', '취소', '기준', '강화', '일전', '한국', '경찰청', '현행', '음주', '단속', '기준', '혈중', '농도', '이상', '도로교통법', '개정', '이후', '처벌', '대상', '소주', '한잔', '나올', '수치', '혈중', '농도', '소주', '잔', '의', '운전자', '징역', '이하', '이하', '한화', '이하', '벌금형', '처', '면허', '취소', '기준', '소주', '잔', '운전면허', '취소', '면허', '정지', '혈중', '농도', '이상', '미만', '해당', '음주운전', '차례', '적발', '운전면허', '취소', '법', '개정', '전', '차례', '적발', '면허', '취소', '음주', '사망', '사고', '경우', '이상', '유기', '징역', '기존', '처벌', '이상', '유기', '징역', '무기징역', '처벌', '강화', '음주', '사고', '내면', '이상', '이하', '징역', '벌금', '내야', '한국', '경찰청', '개정', '도로교통법', '홍보', '집중', '상시', '실시', '음주운전', '단속', '실시', '할', '계획', '외신']
http://www.iybrb.com/news/content/2019-04/28/61_354475.html	한국, '비무장지대 평화의 길' 관광코스 개방-연변일보 Yanbian Daily	133	12	84	34	3	['코스', '코스', '코스', '킬로', '메터', '코스', '코스', '팀', '킬로', '메터', '킬로', '메터']	['한국', '비무장지대', '평화', '관광', '개방', '한국', '고성', '신화통신', '한국', '정부', '강원도', '고성군', '한조', '비무장지대', '관광', '민간인', '개방', '비무장지대', '평화', '관광', '통일전망대', '출발', '북', '금강산', '전망대', '한', '도보', '한', '차량', '이동', '개방', '당일', '총', '명의', '한국', '방문객', '관광', '이번', '개방', '조선전쟁', '휴전협정', '체결', '후', '한국', '정부', '민간인', '비무장지대', '내', '일부', '도로', '개방', '휴전협정', '교전', '쌍방', '북위', '도선', '부근', '실제', '통제', '선', '군사분계선', '동서', '남북', '각각', '이내', '비무장지대', '한국', '정부', '구간', '철원', '파주', '비무장지대', '평화', '도', '순차', '개방', '할', '예정', '이번', '개방', '구간', '동부', '수역', '지역']
http://www.iybrb.com/news/content/2019-02/28/61_346162.html	조선 매체 "조미, 포괄·획기적 결과 위한 심도있는 의견 교환"-연변일보 Yanbian Daily	418	17	261	133	7	['트럼프', '트럼프', '하노이', '싱가포르', '마이크', '폼페이', '국무장관', '베이', '하노이', '트럼프', '싱가포르', '하노이', '트럼프', '하노이', '트럼프', '트럼프', '인터넷']	['조선', '매체', '국무위원', '대통령', '차', '조미', '정상회담', '시작', '소식', '전하', '조미', '포괄', '결과', '의견', '강조', '조선', '중앙', '통신', '위원장', '대통령', '만찬', '소식', '전하', '수뇌', '회담', '성공', '기원', '관심', '기대', '이번', '회담', '포괄', '결과', '도출', '하기', '심도있는', '의견', '고', '전', '만찬', '대해', '조미', '최고', '수뇌', '인사', '원탁', '화기', '분위기', '진행', '참석자', '수뇌', '상봉', '이후', '관계', '진전', '대해', '평가', '고', '소개', '당', '중앙', '위원회', '부위', '원장', '외무', '오', '미국', '백악관', '비서실', '대행', '만찬', '참석', '사실', '상세', '기도', '조선', '중앙', '통신', '대결', '악순환', '내고', '도래', '평화', '번영', '시대', '부응', '조미', '최고', '수뇌', '열망', '진취', '노력', '결단', '력사', '차', '조미', '수뇌', '상봉', '회담', '시작', '고', '이번', '회담', '의미', '부여', '조선', '중앙', '통신', '이번', '정상회담', '지역', '세계', '평화', '번영', '기여', '할', '력사', '차', '조미', '수뇌', '상봉', '평가', '이목', '집중', '고', '강조', '동지', '미합중국', '대통령', '개월', '상봉', '악수', '수뇌', '회담', '과정', '이후', '차례', '친서', '교환', '계기', '통해', '친분', '조미', '최고', '수뇌', '인사', '덕담', '고', '묘사', '조선', '중앙', '통신', '최고', '령도자', '동지', '불신', '오해', '적대', '관행', '극복', '시간', '고민', '노력', '인내', '기간', '고', '위원장', '발언', '보도', '위원장', '이번', '회담', '결과', '만들어질', '최선', '할', '내용', '대통령', '발언', '대해', '위원장', '영광', '관계', '이번', '회담', '성공', '회담', '확신', '고', '전', '조선', '중앙', '통신', '정상', '단독', '회담', '허심', '탄회', '대화', '고', '강조', '하기도', '조미', '최고', '수뇌', '상봉', '회담', '계속', '향후', '일정', '언급', '조선', '중앙', '통신', '이번', '회담', '소식', '보도', '전날', '오후', '현지', '시간', '회담', '일정', '종료', '기관지', '로동신문', '역시', '회담', '소식', '오전', '대적', '보도', '로동신문', '면', '면', '위원장', '대통령', '사진', '장', '관련', '소식', '전', '위원장', '대통령', '회담', '악수', '대화', '사진', '장', '면', '배치', '면', '만찬', '사진', '등', '연변', '일보', '사업', '부', '외신']
http://www.iybrb.com/news/content/2019-03/12/61_347990.html	한국, 류학생 비자제도 개선 시행-연변일보 Yanbian Daily	173	11	138	23	1	['비자', '비자', '컨설팅', '비자', '비자', '비자', '토픽', '비자', '비자', '비자', '비자']	['최근', '한국', '법무부', '증가', '외국인', '류', '학생', '불법체류', '방지', '하기', '위해', '류', '학생', '제도', '개선', '하여', '시행', '한국', '법무부', '교육부', '주관', '교육', '국제화', '력량', '인증', '평가', '결과', '제한', '대학', '개', '대학', '개', '지정', '대학', '심사', '인증', '대학', '개', '지정', '대학', '대한', '우대', '혜택', '확대', '등', '류학', '제도', '내실을', '위해', '류', '학생', '제도', '개선', '설명', '내용', '대학', '부설', '어학', '대한', '초청', '기준', '강화', '하위', '대학', '학부', '생', '대한', '어학', '능력', '기준', '강화', '전자', '발급', '대상', '확대', '시간제', '취업', '허용', '업종', '확대', '등', '취업', '제조업', '분야', '대해', '시간제', '취업', '허용', '국립', '국제', '교육', '주관', '한국어', '능력', '검증', '시험', '급', '이상', '취득', '경우', '한해', '제한', '허용', '한국', '법무부', '통계', '외국', '류학', '생수', '명', '대비', '증가', '중국', '류', '학생', '명', '중국', '류', '학생', '류학', '학생', '명', '한국어', '연수', '학생', '명', '중국', '류', '학생', '명', '류학', '학생', '명', '어학', '연수', '학생', '명', '종합']
http://www.iybrb.com/news/content/2019-02/26/61_345900.html	문재인, 남북 조미 관계의 선순환 힘써 촉진-연변일보 Yanbian Daily	61	0	36	25	0	[]	['신화통신', '한국', '대통령', '한국', '남북관계', '미관', '선', '순환', '촉진', '비핵화', '항구', '평화', '번영', '추동할', '대통령', '주재', '청와대', '보좌', '관', '회의', '한국', '차', '조미', '정상회담', '성공', '치러져', '전쟁', '위협', '안정', '요인', '제거', '시대', '열어가는', '결정', '계기', '가']
http://www.iybrb.com/news/content/2019-05/08/61_355662.html	조선, 첫 중국어능력테스트센터 현판식 거행-연변일보 Yanbian Daily	56	5	44	6	1	['테스트', '센터', '테스트', '센터', '리진']	['평양', '신화통신', '조선', '중국어', '능력', '평양', '과학기술', '대학', '현판', '조선', '세계', '중국어', '능력', '설립', '국가', '당일', '조국', '공자', '학원', '본부', '부총', '간사', '조선', '주재', '중국', '대사', '조선', '교육', '위원회', '부위', '원장', '평양', '과학기술', '대학', '총장', '평양', '과학기술', '대학', '교사', '학생', '대표', '명', '현판', '참석']
http://www.iybrb.com/news/content/2019-02/26/61_345905.html	김정은 조선 최고지도자 26일 오전 베트남 도착-연변일보 Yanbian Daily	114	11	76	25	2	['베트남', '트럼프', '하노이', '베트남', '베트남', '트럼프', '베트남', '베트남', '베트남', '하노이', '베트남']	['공식', '친선', '방문', '대통령', '회담', '신화통신', '조선', '최고', '지도자', '도착', '공식', '친선', '방문', '미국', '대통령', '회담', '통신', '보도', '조선', '최고', '지도자', '탑승', '기차', '시간', '오전', '북부', '산성', '당', '기차역', '도착', '명의', '관원', '현지', '시민', '역', '영접', '생방송', '화면', '최고', '지도자', '승용차', '역', '조선', '중앙', '통신', '조선', '최고', '지도자', '차', '조미', '수뇌', '상봉', '회담', '참석', '하기', '위해', '오후', '전용', '렬차', '평양', '전', '조선', '중앙', '통신', '베트남공산당', '중앙', '위원회', '총서기', '국가주석', '초청', '조선', '최고', '지도자', '공식', '친선', '방문']
http://www.iybrb.com/news/content/2019-02/27/61_346022.html	2차 조미정상회담 첫날 일정 공개…저녁 7시 30분 만나 2시간 회동-연변일보 Yanbian Daily	111	15	61	31	4	['베트남', '하노이', '트럼프', '메트로', '하노이', '호텔', '만나', '트럼프', '마이크', '폼페이', '국무장관', '베이', '트럼프', '베트남', '인터넷']	['수도', '미국', '대통령', '조선', '국무위원', '정상회담', '일정', '공개', '정상', '현지', '시간', '북경시', '단독', '회담', '친교', '만찬', '순', '회동할', '예정', '단독', '회담', '대통령', '위원장', '일대일', '대면', '친교', '만찬', '명의', '주요', '인사', '참석', '형식', '미국', '측', '오', '백악관', '비서실', '대행', '동행', '할', '조선', '측', '부위', '원장', '참석', '참석', '인사', '대통령', '위원장', '정상회담', '응우옌', '국가주석', '지도자', '회담', '할', '예정', '연변', '일보', '사업', '부', '외신']
http://www.iybrb.com/news/content/2019-09/21/61_373964.html	한국, 18일부터 무역 백색국가 명단에서 일본 제외-연변일보 Yanbian Daily	225	0	181	43	1	[]	['신화통신', '한국', '산업', '통상', '자원부', '전략', '물자', '수출입', '고시', '개정안', '정식', '실시', '일본', '한국', '무역', '백색', '국가', '명단', '제외', '개정안', '한국', '무역', '편리', '정책', '향유', '기존', '백색', '국가', '명단', '가', '부류', '가의', '부류', '가의', '부류', '세분', '전자', '기존', '혜택', '후자', '우대', '규제', '일본', '백색', '국가', '명단', '수준', '규제', '가의', '분류', '가의', '의', '무역', '상국', '한국', '산업', '통상', '자원부', '가의', '의', '관련', '국제', '협정', '가입', '국제', '규범', '위배', '수출', '규제', '체계', '둔', '규정', '한국', '기존', '무역', '백색', '국가', '명단', '한국', '일괄', '수출', '허가', '일본', '미국', '영국', '등', '개', '지역', '포함', '일본', '백색', '국가', '명단', '제외', '한국', '상품', '일본', '수출', '할', '한국', '산업', '통상', '자원부', '등', '부처', '단독', '허가', '함', '의미', '한국', '산업', '통상', '자원부', '국제', '수출', '규제', '원칙', '배한', '협력', '하기', '한국', '수출', '규제', '보강', '제도', '개선', '백색', '국가', '명단', '분류', '발표', '한국', '정부', '절차', '개정안', '대한', '대중', '의견', '수렴', '결과', '가', '개정안', '지지', '고', '지난', '이후', '한일', '무역', '갈등', '일본', '반도체', '산업', '핵심', '소재', '종', '한국', '수출', '규제', '하기', '시작', '정식', '한국', '일본', '무역', '백색', '국가', '명단', '제외', '이번', '달초', '한국', '일본', '대', '한국', '수출', '규제', '관련', '세계', '무역', '기구', '제소']
http://www.iybrb.com/news/content/2019-06/03/61_358953.html	조선 최고 지도자 김정은, 지방기계공장 시찰-연변일보 Yanbian Daily	145	0	106	37	2	[]	['평양', '신화통신', '조선', '중앙', '통신', '보도', '조선', '최고', '지도자', '최근', '자강도', '기계공', '집중', '시찰', '자력', '갱생', '기치를', '자립', '경제', '발전', '과학기술', '혁신', '중시', '기', '차', '회의', '자력', '갱생', '통한', '경제', '발전', '관련', '로선', '정책', '리행', '강조', '조선', '중앙', '통신', '최고', '지도자', '력사', '현지', '대표', '기계', '생산', '기업', '시찰', '전', '국무위원', '공장', '시찰', '할', '직원', '자력', '갱생', '혁명', '정신', '대적', '조선', '력량', '기술', '리용', '하여', '기업', '대화', '수준', '제품', '과학기술', '함량', '번', '강조', '통신', '최고', '지도자', '공작기계', '공장', '시찰', '기계공', '자력', '갱생', '기치를', '기술', '혁신', '운동', '대적', '수입', '금속', '재료', '사용', '하지', '정상', '생산', '보장', '실용', '방법', '연구', '응용', '대량', '고성능', '기계', '제품', '제작', '국가', '이익', '평가']
http://www.iybrb.com/news/content/2019-05/14/61_356371.html	평양서 나날이 인기 끄는 경비행기관광-연변일보 Yanbian Daily	141	3	94	43	1	['몽골', '이라크', '스위스']	['조선', '수도', '평양', '전국', '각', '계층', '외국', '관광객', '보고', '미림', '승마', '구락부', '미림', '항공', '구락부', '준공', '미림', '항공', '구락부', '초', '경량', '비행기', '관광', '인기', '지금', '여명', '비행기', '여명', '구락부', '참관', '중국', '화란', '애급', '등', '국가', '명의', '외국인', '초', '경량', '비행기', '타고', '평양', '경치', '부감', '관광객', '처녀', '총각', '비행사', '조종', '비행기', '고도', '경기장', '주체사상탑', '미래', '과학자', '과학기술', '전당', '만경대', '항로', '비행', '평양', '만끽', '할', '관광객', '요청', '가족', '일행', '편대', '조직', '하여', '서해', '갑문', '상공', '비행', '하기도', '초', '경량', '비행기', '직접', '조종', '평양', '유람', '하기도', '관광객', '료리', '음료', '비행', '관람', '비행기', '모형', '봉사', '시설', '봉사', '외신']
http://www.iybrb.com/news/content/2019-05/13/61_356219.html	조선에 첫 중국어 시험장 개설 '조중 문화교류 강조'-연변일보 Yanbian Daily	237	9	173	51	4	['센터', '리진', '센터', '센터', '센터', '타임스', '인터뷰', '아시아', '인터넷']	['조', '중이', '조선', '중국어', '능력', '시험', '개소식', '문화', '교류', '강화', '강조', '조선', '주재', '중국', '대사관', '지난', '오후', '평양', '과학기술', '대학', '조선', '주재', '중국', '대사', '조선', '교육', '위원회', '부위', '원장', '학생', '교사', '여명', '참석', '개소식', '진행', '조선', '교육', '위원회', '외', '사국', '국장', '축사', '조', '중', '우호', '관계', '발전', '시기', '중국어', '시험', '개설', '조선', '중국어', '교육', '수준', '향상', '상징', '할', '력사', '전통', '조', '중', '우의', '발산', '점', '의미', '고', '공자', '학원', '본부', '조국', '부총', '간사', '수교', '량국', '관계', '계속', '심화', '상호', '리익', '협력', '성과', '이번', '시험', '개', '소로', '량국', '어문', '교류', '교량', '고', '평가', '평양', '과학기술', '대학', '교장', '량국', '우호', '협력', '긍정', '공헌', '하기를', '고', '시험', '중국', '실시', '중이', '조선', '번', '설치', '국가', '평양', '과학기술', '대학', '번', '문', '연', '현재', '조선', '중국어', '인기', '외국어', '사회과학', '연구원', '글로벌', '조선', '중국어', '학습', '열풍', '과거', '영어', '인기', '외국어', '지금', '중국어', '학교', '중국어', '수업', '개설', '고', '조선', '중국어', '취업', '중국어', '능력', '조선', '개방', '통합', '긍정', '작용', '할', '개소식', '후', '평양', '과학기술', '대학', '중국어', '대회', '조선', '학생', '북송', '발표', '념', '노교', '적벽', '회고', '사자', '등', '랑송했다', '연변', '일보', '사업', '부']
http://www.iybrb.com/news/content/2019-06/03/61_359009.html	조선 평양, 대형문화체육활동으로 “6.1”아동절 경축-연변일보 Yanbian Daily	0	0	0	0	0	[]	[]
http://www.iybrb.com/news/content/2019-03/04/61_346637.html	김정은, 베트남 공식친선 방문 종료-연변일보 Yanbian Daily	154	14	102	31	7	['베트남', '하노이', '베트남', '베트남', '베트남', '베트남', '베트남', '스포츠', '베트남', '하노이', '베트남', '베트남', '베트남', '베트남']	['공식', '친선', '방문', '종료', '신화통신', '통신사', '보도', '위원장', '국무위원', '회', '위원장', '조선', '고위', '대표', '단', '시간', '오후', '특별', '렬차', '북부', '역', '대한', '공식', '친선', '방문', '방문', '기간', '위원장', '베트남공산당', '중앙', '위원회', '총서기', '국가주석', '회담', '진행', '총리와', '국회', '의장', '각각', '면담', '통신사', '보도', '회담', '면담', '위층', '상호', '방문', '유지', '대표', '단', '교류', '확대', '상호', '리해', '증진', '유의', '화협', '기제', '수호', '문화', '예술', '민간', '교류', '확대', '등', '대해', '공감', '달성', '량국', '지도자', '국제', '사무', '협조', '률', '세계', '평화', '안정', '수호', '방면', '교류', '대해', '서도', '의견', '위원장', '도착', '개최', '차', '조미', '정상회담', '참가', '총서기', '요청', '공식', '친선', '방문', '통신사', '보도', '조선', '최고', '지도자', '공식', '방문']
http://www.iybrb.com/news/content/2019-06/08/61_359625.html	한국 국제수지 경상항목 7년만에 적자-연변일보 Yanbian Daily	131	3	94	34	0	['무역흑자', '서비스', '무역흑자']	['신화통신', '한국은행', '중앙은행', '발표', '초보', '수치', '한국', '국제수지', '경상', '항목', '적자', '집계', '월간', '적자', '국제', '경제', '무역', '긴장', '정세', '한국', '경제', '부정', '영향', '부각', '한국', '폭', '대폭', '감축', '경상', '항목', '적자', '주요', '원인', '국제수지', '경상', '항목', '주로', '한', '국외', '무역', '자금', '거래', '상황', '반영', '상품', '무역', '해외', '투자', '소득', '원조', '등', '포함', '한국', '화물', '무역', '수출', '수입', '달해', '작년', '동기', '사분기', '월', '평균', '수준', '수치', '한국', '무역', '협회', '통상', '구부', '리', '석', '부장', '미국', '도발', '중미', '무역', '마찰', '한국', '기업', '충격', '지적', '사분기', '한국', '국내', '생산', '가치', '대비', '위축', '하여', '사분기', '최악', '수준', '인민']
http://www.iybrb.com/news/content/2019-02/28/61_346171.html	김정은 3월초 베트남 공식 친선방문-연변일보 Yanbian Daily	129	11	90	28	0	['베트남', '베트남', '베트남', '베트남', '베트남', '베트남', '베트남', '베트남', '베트남', '베트남', '베트남']	['평양', '신화통신', '조선', '매체', '보도', '차', '조미', '정상회담', '참가', '도착', '조선', '최고', '지도자', '공식', '친선', '방문', '조선', '매체', '공식', '친선', '방문', '구체', '일정', '대해', '개보', '조선', '중앙', '통신', '로동당', '중앙', '위원회', '기관지', '로동신문', '의', '보도', '도착', '관원', '군중', '환영', '공식', '친선', '방문', '조선', '매체', '보도', '주재', '조선', '대사관', '시대', '요구', '순응', '하여', '김일성', '주석', '호지명', '주석', '직접', '맺어주고', '발전', '조선', '량당', '량국', '친선', '협력', '관계', '층', '공고', '지적', '조선', '매체', '조미', '정상회담', '참가', '동시', '공식', '친선', '방문', '할', '방문', '기간', '조선', '량국', '최고', '지도자', '회', '동하', '회담', '진행', '할', '보도']
http://www.iybrb.com/news/content/2019-03/04/61_346574.html	“조미 건설적인 대화 추진할 것이다”-연변일보 Yanbian Daily	90	5	61	23	1	['트럼프', '하노이', '하노이', '하노이', '하노이']	['조선', '중앙', '통신사', '보도', '평양', '신화통신', '조선', '중앙', '통신사', '조선', '최고', '지도자', '위원장', '미국', '대통령', '회담', '건설', '대화', '계속', '하여', '회담', '토의', '문제', '해결', '강조', '보도', '보도', '조미', '지도자', '차', '회담', '상호', '존중', '신뢰', '한층', '증진', '관계', '단계', '발전', '계기', '인정', '조선', '중앙', '통신', '비핵화', '조미', '관계', '발전', '실현', '하기', '위해', '련', '계해', '회담', '토의', '문제', '위해', '건설', '대화', '계속', '보도']
http://www.iybrb.com/news/content/2019-06/15/61_360565.html	김정은, 리희호 녀사서거에 조의문 전달-연변일보 Yanbian Daily	159	0	119	37	3	[]	['민족', '화해', '단합', '국가', '평화', '통일', '위해', '사심', '기여', '노력', '평양', '신화통신', '조선', '최고', '지도자', '한국', '전', '대통령', '부인', '리', '호', '녀', '사가', '서거', '소식', '유가족', '조의', '문과', '조화', '전달', '조선', '중앙', '통신', '보도', '중앙', '위원회', '부부', '오후', '판문점', '한국', '대통령', '부', '청와대', '국가안보실', '실장', '조의', '문과', '조화', '전달', '국무위원', '의문', '리', '호', '녀', '사와', '전', '대통령', '민족', '화해', '단합', '국가', '평화', '통일', '위해', '사심', '기여', '노력', '고', '평가', '청와대', '실장', '부부', '남북', '리', '호', '녀', '사를', '공동', '추모', '통해', '반도', '평화', '번영', '래일', '창조', '하기', '위해', '노력', '계기', '할', '희망', '전', '리', '호', '녀', '한국', '일기', '서거', '리', '호', '녀', '생전', '평화', '쎈터', '리사', '녀', '운동', '평화', '위업', '위해', '한평생', '진력', '리', '호', '녀', '수차', '조선', '방문', '하기도']
http://www.iybrb.com/news/content/2019-03/22/61_349426.html	조선 최고학부 김일성종합대학 탐방-연변일보 Yanbian Daily	43	0	34	8	1	[]	['조선', '평양', '김일성', '종합대학', '전자', '도선', '관내', '전자', '열람', '학생', '기자', '취재', '평양', '려', '위치', '김일성', '종합대학', '학술', '지위', '교육', '수준', '등', '방면', '최근', '기자', '조선', '최고', '학부', '탐방', '학교', '사생', '교류', '진행', '신화사']
http://www.iybrb.com/news/content/2019-10/04/61_375557.html	한국 울산서 선박 화재 발생-연변일보 Yanbian Daily	115	15	72	25	3	['가스', '노트', '노트', '톤', '톤', '톤', '코드', '코드', '스톨', '로이', '러시아', '필리핀', '필리핀', '미얀마', '인터넷']	['점심', '한국', '울산', '항', '정박', '선박', '폭발', '사고', '발생', '한국', '해양', '경찰서', '폭발', '화재', '사고', '난', '선박', '수리', '위해', '정박', '질소', '주입', '중', '사고', '발생', '화재', '정박', '중인', '호', '선박', '제조', '순항', '속도', '최고', '속도', '톤수', '중량', '폭발사고', '난', '호의', '선원', '명', '명', '명', '과', '정박', '중', '호', '선원', '명', '명', '명', '명', '등', '명', '구조', '현재', '선원', '명', '화상', '등', '입어', '병원', '이송', '중', '명', '중상', '상태', '연변', '일보', '사업', '부']
http://www.iybrb.com/news/content/2019-03/19/61_348914.html	한국, '머슴의 날’ 행사 펼쳐-연변일보 Yanbian Daily	88	0	31	55	2	[]	['일전', '한국', '국립', '민속', '박물관', '행사', '재현', '곡식', '상태', '한해', '농사', '점', '년', '사용', '할', '준비', '은', '농사일', '시작', '년', '농사일', '부탁', '하기', '위해', '음식', '대접', '농사', '시작', '사기', '풍속', '민속']
http://www.iybrb.com/news/content/2019-03/04/61_346646.html	한∙미, 련합지휘소 연습 ‘동맹’ 실시 예정-연변일보 Yanbian Daily	72	1	57	14	0	['파트너']	['한', '련합', '지휘', '연습', '동맹', '실시', '예정', '신화통신', '한국', '합동', '참모', '본부', '한', '량국', '련합', '지휘', '연습', '동맹', '실시', '할', '예정', '발표', '합참', '본부', '동맹', '연습', '한', '량국', '간의', '긴', '세월', '유지', '대한민국', '지역', '안정', '방어', '하기', '의지', '강조', '하기', '한반도', '전반', '군사작전', '전략', '작전', '전술', '분야', '중점', '시행', '설명', '이번', '연습', '규모', '구체', '내용', '언급', '하지']
http://www.iybrb.com/news/content/2019-03/11/61_347793.html	한국 정부 개각 발표, 7명의 신임 장관 지명-연변일보 Yanbian Daily	121	0	94	27	0	[]	['신화통신', '한국', '대통령', '내각', '개편', '통일부', '개', '부처', '신임', '장관', '지명', '대통령', '취임', '후', '최대', '규모', '내각', '개편', '이후', '차례', '내각', '개편', '이번', '개각', '통일부', '장관', '교체', '주목', '대통령', '조명', '균', '통일부', '장관', '교체', '인사', '김연', '한국', '통일', '연구원', '원장', '지명', '한국', '여론', '현재', '한반도', '정세', '한국', '조선', '달성', '합의', '리행', '남북', '협력', '추진', '통', '하여', '조선', '미국', '지속', '협상', '대화', '진행', '통일부', '장관', '직면', '과제', '인정', '중소', '벤처기업', '부', '행정안전부', '국토교통부', '문화', '체육관', '광부', '과학기술', '정보통신부', '해양수산부', '등', '부처', '장관', '교체', '규정', '내각', '장관', '지명', '인사', '국회', '청문회', '국회', '통과', '여부', '최종', '임명']
http://www.iybrb.com/news/content/2019-03/05/61_346786.html	조선, 학령전 어린이들 ‘소리연필’ 애용-연변일보 Yanbian Daily	89	5	50	31	3	['펜', '펜', '펜', '펜', '펜']	['최근', '조선', '음향', '사', '개발', '음성', '도서', '연필', '애용', '음성', '도서', '인쇄', '교재', '문자', '정보', '광학', '식별', '음성', '읽어주는', '장치', '음성', '도서', '리용', '하여', '자체', '조선', '수학', '외국어', '등', '초보', '단계', '습득', '할', '장소', '구애', '공부', '지능', '계발', '주고', '음성', '도서', '결합', '교재', '세기', '위생', '영어', '등', '조선', '중앙', '통신']
http://www.iybrb.com/news/content/2019-06/20/61_361196.html	조선 평양 김일성광장-연변일보 Yanbian Daily	0	0	0	0	0	[]	[]
http://www.iybrb.com/news/content/2019-03/25/61_349667.html	조선, 한조 공동련락사무소 철수-연변일보 Yanbian Daily	110	0	80	29	1	[]	['청와대', '관련', '대책', '토론', '신화통신', '한국', '통일부', '한국', '측은', '상급', '지시', '개성', '위치', '한조', '련', '락사', '철수', '하기로', '결정', '조선', '통보', '접수', '한국', '통일부', '해성', '차관', '진행', '기자회견', '조선', '측은', '한국', '상술', '결정', '통보', '후', '련', '락사', '조선', '업무', '인원', '전부', '철수', '해성', '차관', '한국', '정부', '조선', '결정', '유감스럽게', '시간', '내', '복귀', '쌍방', '달성', '협의', '공동', '사무소', '정상', '운영', '확보', '하길', '한국', '청와대', '오후', '청와대', '국가안보실', '실장', '국가', '안보', '회의', '상무', '회의', '소집', '조선', '련', '락사', '철수', '관련', '대책', '토론']
http://www.iybrb.com/news/content/2019-03/26/61_350014.html	조선측 일부 인원, 한조 련략사무소 복귀-연변일보 Yanbian Daily	145	0	111	26	8	[]	['조선', '일부', '인원', '한조', '사무소', '복귀', '신화통신', '한조', '공동', '사무소', '철수', '일부', '조선', '인원', '오전', '사무소', '정상', '업무', '복귀', '한국', '통일부', '통일부', '언론', '배포', '자료', '한조', '공동', '사무소', '정상', '운영', '예정', '남북', '쌍방', '대표', '관련', '협상', '조선', '측은', '협상', '북남', '체결', '선언', '사무소', '업무', '추진', '조선', '염원', '표시', '지난', '주', '조선', '철수', '선포', '원인', '대해', '한국', '통일부', '조선', '설명', '하지', '후', '확인', '할', '조선', '개성', '공단', '위치', '한조', '공동', '사무소', '공식', '운영', '시작', '한조', '정상', '체결', '판문점', '합의', '설립', '남북', '역사상', '최초', '공동', '사무소', '사무소', '기능', '남북', '계', '교섭', '정부', '회담', '협상', '민간', '교류', '원조', '남북', '인원', '왕', '편리', '제공', '등', '한국', '측은', '상급', '지시', '사무소', '철수', '하기로', '결정', '조선', '통보']
http://www.iybrb.com/news/content/2019-06/15/61_360566.html	문재인, 조한 정상회담 재개 희망-연변일보 Yanbian Daily	85	9	46	26	4	['오슬로', '노르웨이', '트럼프', '오슬로', '오슬로', '포럼', '트럼프', '트럼프', '만나']	['신화통신', '국빈', '방문', '한국', '대통령', '예정', '미국', '대통령', '한국', '방문', '이전', '남북', '정상', '재차', '회동할', '희망', '대통령', '대학', '연설', '직후', '질의', '응답', '자신', '위원장', '만날', '준비', '만날', '시기', '결정', '원장', '선택', '대통령', '방한', '전', '원장', '만날', '언급', '동시', '대통령', '원장', '대통령', '대화', '유지', '조미', '조속', '촉구']
http://www.iybrb.com/news/content/2019-03/13/61_348238.html	한국 통일부, 올해 지속가능한 남북관계 발전에 진력-연변일보 Yanbian Daily	162	3	127	31	1	['프로젝트', '프로젝트', '프로젝트']	['업무', '계획', '보고서', '발표', '남북', '철도', '도로', '련결', '추진', '개성', '공단', '금강산관광', '구상', '남북', '특', '건설', '등', '제정', '신화통신', '한국', '통일부', '대외', '업무', '계획', '보고서', '발표', '보고서', '지속', '남북', '관', '발전', '평화', '번영', '기반', '언급', '보고서', '한국', '통일부', '주요한', '업무', '지속', '남북', '대화', '추진', '조', '대화', '추', '동하', '남북관계', '진', '일보', '발전', '비핵화', '진척', '량호', '선', '순환', '환경', '한국', '측은', '한조', '호상', '소통', '통해', '반도', '비핵화', '진척', '남북관계', '발전', '향방', '관련', '핵심', '문제', '해결', '할', '계획', '보고서', '한국', '측은', '남북', '철도', '도로', '련결', '공사', '등', '추진', '조간', '교류', '협력', '촉진', '개성', '공단', '금강산관광', '가동', '계속', '준비', '반도', '구상', '남북', '특', '건설', '등', '계획', '제정', '할', '방침', '보고서', '외', '통일부', '중점', '업무', '지속', '정책', '기반', '다지', '남북관계', '발전', '제도', '남북관계', '기록', '종합', '관리', '체계', '구축', '등', '내용', '망라']
http://www.iybrb.com/news/content/2019-06/21/61_361269.html	조선중앙통신, 습근평 평양 방문·정상회담 소식 보도-연변일보 Yanbian Daily	112	1	78	31	2	['인터넷']	['조선', '중앙', '통신', '오전', '국가주석', '평양', '방문', '정상회담', '소식', '보도', '조선', '중앙', '통신', '위원장', '주석', '금수산', '영빈', '관', '회담', '한', '사실', '전하', '정상', '정세', '대한', '의견', '교환', '관계', '발전', '지역', '평화', '안전', '평가', '고', '전', '조선', '중앙', '통신', '중', '친선', '협조', '관계', '강화', '발전', '시종일관', '립', '중', '외교관', '하기', '계획', '제시', '의견', '고', '전', '조선', '중앙', '통신', '쌍방', '전략', '의사소통', '고위', '왕래', '전통', '유지', '각', '분야', '교류', '협조', '심화', '위해', '적극', '노력', '하기로', '고', '연변', '일보', '사업', '부']
http://www.iybrb.com/news/content/2019-08/27/61_370585.html	아베, ‘전후 최장수 총리’에 올라-연변일보 Yanbian Daily	149	9	92	43	5	['아베', '아베', '최장수', '아베', '아베', '아베', '최장수', '아베', '아베']	['신조', '일본', '총리', '한', '관계', '력대', '최악', '신조', '일본', '총리', '기준', '전후', '총리', '가', '총리', '기준', '재직', '기간', '통산', '사토', '전', '총리와', '전후', '최', '장기간', '재임', '총리', '총리', '차', '집권', '기', '재임', '사임', '취임', '현재', '차', '집권', '기', '총리', '직', '유지', '총리', '임기', '정치', '이변', '가', '재임', '기간', '전', '총리', '임기', '기간', '력대', '총리', '대해', '관방', '장관', '총리', '지휘', '과제', '해결', '결과', '순식간', '개월', '국민', '겸허', '귀', '긴장감', '노력', '고', '개헌', '론의', '여야', '타협', '할', '가능성', '조선', '비핵화', '북미', '협상', '한국', '악화', '등', '총리', '남은', '임기', '성과', '과제', '남아있다', '고', '평가', '외신']
http://www.iybrb.com/news/content/2019-06/21/61_361371.html	금수산태양궁전 광장 지나는 중-조 정상-연변일보 Yanbian Daily	17	0	12	4	1	[]	['조선', '국빈', '방문', '국가주석', '조선', '국무위원', '차', '금수산태양궁전', '광장', '환영', '인파', '답례']
http://www.iybrb.com/news/content/2019-03/11/61_347856.html	“한미 새 군사연습 반도평화에 대한 도전”-연변일보 Yanbian Daily	60	2	49	9	0	['컴퓨터', '시뮬레이션']	['평양', '신화통신', '조선', '중앙', '통신', '발표', '보도', '한국', '미국', '합동', '군사연습', '동맹', '가동', '평화', '분위기', '대한', '도전', '조미', '동성', '북남', '선언', '대한', '란', '폭한', '위반', '지적', '보도', '한국', '미국', '동맹', '합동', '군사연습', '시작', '진행', '이번', '연습', '목적', '가상', '조선', '전면', '남침', '상황', '대비', '하여', '전쟁', '수행', '능력', '향상', '지적']
http://www.iybrb.com/news/content/2019-03/15/61_348525.html	조선, 베트남서 첫 해외관광 마케팅-연변일보 Yanbian Daily	72	8	47	17	0	['베트남', '하노이', '센터', '마케팅', '베트남', '베트남', '부스', '인터넷']	['일간', '등', '현지', '언론', '조선', '수도', '국제', '친환경', '관광', '주제', '베트남국', '관광', '박람회', '참가', '할', '예정', '조선', '해외', '관광', '이번', '부', '빈', '관광', '협회', '상임', '부회', '전날', '기자회견', '이번', '박람회', '개', '지방자치단체', '개국', '개', '관광', '회사', '참여', '개', '조선', '관광', '홍보', '일정', '연변', '일보', '사업', '부', '외신']
http://www.iybrb.com/news/content/2019-04/02/61_350921.html	“트럼프와 조미 대화 재개 토론할 것”-연변일보 Yanbian Daily	133	5	87	38	3	['트럼프', '트럼프', '트럼프', '베트남', '하노이']	['신화통신', '한국', '대통령', '다음주', '미국', '방문', '기간', '미국', '대통령', '조미', '대화', '재개', '관련', '토론', '할', '대통령', '청와대', '석비', '서관', '보좌', '관', '회의', '차', '조미', '정상회담', '합의', '달성', '하지', '평화', '진척', '잠시', '직면', '확신', '할', '한국', '조선', '미국', '과거', '긴장', '국면', '점', '강조', '대통령', '방미', '기간', '자신', '대통령', '조미', '대화', '재개', '비핵화', '관계', '미관', '선', '순환', '등', '사항', '관련', '토론', '진행', '할', '언급', '지난', '한국', '청와대', '대통령', '미국', '방문', '대통령', '발표', '차', '조미', '정상회담', '수도', '회담', '일정', '원래', '계획', '제재', '해제', '비핵화', '조치', '분야', '의견', '문서', '서명', '하지']
http://www.iybrb.com/news/content/2019-04/17/61_352747.html	조선 "바다 메워 땅 넓히자" 여의도 17배 면적 간척-연변일보 Yanbian Daily	250	1	180	67	2	['인터넷']	['평안북도', '지역', '간석지', '개간', '대상', '자료', '한국', '교통', '연구원', '조선', '서해안', '간척', '사업', '약', '정보', '약', '의', '기관지', '로동신문', '보도', '한국', '여의도', '의', '약', '면적', '로동신문', '조국', '대지', '기사', '각지', '간석지', '건설', '굴함', '공격', '정신', '조국', '대지', '고', '전', '로동신문', '황해남도', '간석지', '건설', '종합', '기업', '소의', '건설', '지난', '월', '여', '의', '토량', '처리', '수만', '의', '장석', '공사', '진행', '하여', '간석지', '구역', '구역', '차', '물막', '이공사', '결속', '기간', '정보', '고', '정보', '약', '한국', '여의도', '정도', '수준', '평안남도', '약', '정보', '로동신문', '전', '신문', '평안남도', '간석지', '건설', '종합', '기업', '건설', '안석', '간석지', '건설', '애국', '헌신', '발휘', '지난', '차', '물막', '공사', '결속', '정보', '약', '의', '고', '로동신문', '만도', '정보', '얻어내여', '조국', '지도', '성과', '당', '웅대', '대자연', '실천', '간석지', '건설', '불굴', '정신', '결실', '강조', '평안남도', '남포시', '지역', '간석지', '개간', '대상', '자료', '한국', '교통', '연구원', '한편', '조선', '중앙', '위원회', '기', '차', '회의', '통해', '정보', '간석지', '개간', '포함', '대', '자연', '개조', '사업', '결의', '주요', '목적', '농지', '확보', '조선', '발간', '조선', '지리', '전서', '서해안', '간석지', '개간', '통해', '약', '정보', '약', '규모', '농경지', '추가', '확보', '할', '조선', '지면', '한국', '통계청', '기준', '의', '해당', '규모', '연변', '일보', '사업', '부', '외신']
http://www.iybrb.com/news/content/2019-04/06/61_351300.html	조선 각지 새학기 개학식 거행-연변일보 Yanbian Daily	0	0	0	0	0	[]	[]
http://www.iybrb.com/news/content/2019-04/09/61_351573.html	한국, 외국인등록증에 한글이름 병기-연변일보 Yanbian Daily	172	1	123	46	2	['커서']	['한국', '법무부', '장관', '가', '외국인', '등록증', '병기', '하기로', '이번', '조치', '동포', '등', '한국', '공적', '장부', '중국', '동포', '중국', '정부', '발급', '공적', '문서', '신분증', '호구', '부', '민족', '구분', '조선', '조선족', '성명', '병기', '한국', '법무부', '남부', '출입국', '외국인', '사무소', '최근', '영등포구', '문화센터', '동포', '언론', '시민단체', '대표', '간담', '회', '한국', '법무부', '관계자', '대한민국', '림시정부', '수립', '주년', '한국', '체류', '중국', '동포', '등', '외국', '국적', '동포', '화교', '대한', '포용', '생활', '편의', '향상', '대한', '호명', '혼란', '국민', '해소', '하기', '위해', '외국인', '등록증', '명과', '성명', '병기', '할', '예정', '고', '설명', '현재', '외국인', '등록증', '려권', '표기', '중국', '동포', '화교', '건의', '지속', '회사', '은행', '중국', '발음', '표기', '건강', '보험', '성명', '각각', '한국', '법무부', '관계자', '일부', '화교', '등', '약', '대해', '성명', '병기', '시행', '해본', '결과', '문제', '발생', '하지', '적극', '검토', '고', '강조', '신문']
http://www.iybrb.com/news/content/2019-04/09/61_351570.html	조선 각급 학교 4월 1일 새학기 시작-연변일보 Yanbian Daily	55	0	34	21	0	[]	['교복', '단', '학생', '자녀', '사진', '학부모', '조선', '급', '학교', '일제', '개학', '학기', '시작', '조선', '유치원', '학교', '초', '중학교', '고급', '중학교', '의무교육', '시행', '의무교육', '지난', '전면', '시행', '당일', '평양', '중학교', '신입생', '명', '분위기', '전', '외신']
http://www.iybrb.com/news/content/2019-03/27/61_350170.html	한국, 독도주권 주장하는 초등학교 교과서 검정 통과한 일본 비난-연변일보 Yanbian Daily	176	2	124	50	0	['세트', '메터']	['한국', '독도', '주권', '주장', '초등학교', '교과서', '통과', '일본', '비난', '주한', '대사', '항의', '제기', '신화통신', '한국', '외교부', '성명', '발표', '일본정부', '독도', '일본', '일본', '령토', '한', '초등학교', '교과서', '통과', '비난', '성명', '독도', '력사', '지리', '국제', '법적', '한국', '고유', '령토', '한국', '측은', '일본정부', '즉각', '관련', '조치', '철회', '할', '강조', '성명', '일본정부', '이번', '통과', '초등학교', '교과서', '초등학생', '령토', '관념', '주입', '미래', '대비', '한일', '량국', '발전', '부정', '영향', '의식', '성명', '일본', '응당', '력사', '교훈', '직시', '후대', '교육', '문제', '책임', '행동', '취해', '강조', '오후', '한국', '외교부', '야사', '마사', '주한', '대사', '초', '치하', '대해', '항의', '제기', '일본', '매체', '일본', '외무성', '사용', '초등학교', '교과서', '결과', '공개', '가', '일본', '고유', '령토', '한', '초등학교', '교과서', '통과', '동부', '수역', '위치', '독도', '면적', '약', '평방', '한국', '조선', '일본', '대한', '주권', '보유', '주장', '현재', '한국', '실제', '통제']
http://www.iybrb.com/news/content/2019-04/20/61_353205.html	김정은, 조선인민군 부대 깜짝 시찰-연변일보 Yanbian Daily	91	0	57	34	0	[]	['평양', '신화통신', '조선', '최고', '지도자', '항공', '항공', '부대', '시찰', '비행사', '비행', '훈련', '지도', '조선', '중앙', '통신', '전', '보도', '국무위원', '항공', '항공', '부대', '돌연', '시찰', '항공', '항공', '부대', '전투', '예고', '진행', '부대', '일상', '전투', '동원', '상태', '시찰', '국무위원', '추격', '습격', '리륙', '비행사', '공중', '전투', '조작', '지시', '비행', '훈련', '후', '국무위원', '비행사', '상황', '만반', '준비', '상태', '대해', '만족', '표']
http://www.iybrb.com/news/content/2019-10/08/61_375916.html	조선, 조중수교 70주년 경축초대회 진행-연변일보 Yanbian Daily	205	3	156	42	4	['리진', '리진', '리진']	['조선', '교', '주년', '경축', '초', '대회', '진행', '중국', '량국', '친선', '미래', '열어가기', '위해', '적극', '노력', '중조', '관계', '수호', '공고', '발전', '중국', '당', '정부', '확고', '부동', '방침', '평양', '신화통신', '중조', '수교', '조선', '대외', '문화', '련락', '위원회', '중', '친선', '협회', '평양', '인민', '초', '대회', '중', '수교', '주년', '성대', '경축', '조선', '최고', '인민', '회의', '상임', '위원회', '태평', '부위', '원장', '조선', '정군', '간부', '조선', '주재', '중국', '대사', '대사관', '관원', '중국', '투자', '기구', '류', '학생', '대표', '수백', '초', '대회', '참석', '부위', '원장', '중', '친선', '확고', '부동', '계승', '발전', '조선', '당', '정부', '일관', '립', '조선', '중국', '미래', '열어가기', '위해', '적극', '노력', '할', '강조', '대사', '축사', '도전', '위험부담', '증가', '당면', '세계', '사회주의', '중국', '조선', '의존', '운명', '지난', '풍운', '변화', '조선', '친선', '발전', '중국', '초심', '발전', '방향', '대사', '중조', '관계', '수호', '공고', '발전', '중국', '당', '정부', '확고', '부동', '방침', '강조', '중국', '조선', '외교관', '주년', '기념일', '정상', '상호', '축전', '량국', '수교', '주년', '경축', '쌍방', '량국', '관계', '안정', '발전', '추', '함', '량국', '량국', '인민', '복', '표시']
http://www.iybrb.com/news/content/2019-01/24/61_342083.html	미국 백악관 "트럼프, 김정은에 답신"…친서 전달-연변일보 Yanbian Daily	104	6	74	18	6	['만나', '트럼프', '이메일', '트럼프', '트럼프', '인터넷']	['국무위원', '로동당', '중앙', '위원회', '청사', '부위', '원장', '단장', '한', '조미', '고위', '회담', '대표', '단', '방문', '결과', '대해', '보고', '조선', '중앙', '통신', '보도', '미국', '대통령', '지난주', '백악관', '방문', '부위', '원장', '통해', '국무위원', '친서', '전달', '백악관', '확인', '백악관', '대변인', '기자', '성명', '대통령', '위원장', '친서', '답신', '고', '조선', '중앙', '통신', '위원장', '부위', '원장', '단장', '고위', '회담', '대표', '단', '접견', '미국', '방문', '결과', '보고', '부위', '원장', '대통령', '친서', '전달', '친서', '만족', '표시', '보도', '연변', '일보', '사업', '부', '외신']
http://www.iybrb.com/news/content/2019-04/20/61_353203.html	조선, ‘신형 전술유도무기’ 시험사격 진행-연변일보 Yanbian Daily	166	0	126	39	1	[]	['사격', '시험', '만족', '평양', '신화통신', '조선', '중앙', '통신', '조선', '최고', '지도자', '국방', '학원', '진행', '신형', '전술', '유도', '무기', '시험', '사격', '참관', '지도', '시험', '사격', '통해', '해당', '무기', '설계', '지표', '검증', '국무위원', '장도', '시험', '사격', '결과', '만족', '표', '보도', '보도', '신형', '무기', '장점', '비행', '유도', '방식', '위력', '전투', '장', '목표', '대한', '방식', '사격', '진행', '이번', '시험', '통해', '무기', '설계', '지표', '검증', '전', '보도', '해당', '무기', '구체', '명칭', '류형', '국무위원', '시험', '사격', '결과', '만족', '무기', '개발', '연구', '참여', '인원', '이번', '시험', '사격', '평가', '국무위원', '성과', '국방', '과학기술', '중요시', '정책', '타당성', '자립', '국방', '공업', '위력', '한번', '과시', '해당', '무기', '체계', '개발', '완성', '군대', '전투력', '강화', '의미', '강조', '보도', '국무위원', '군수', '생산', '정상화', '국방', '과학기술', '최첨단', '수준', '발전', '등', '면', '단계', '전략', '목표', '시행', '하기', '구체', '임무', '방도', '제시', '전']
http://www.iybrb.com/news/content/2019-04/16/61_352617.html	“이제 한조 정상회담 본격 추진할 시점”-연변일보 Yanbian Daily	129	2	87	38	2	['론', '하노이']	['신화통신', '한국', '대통령', '한조', '정상회담', '본격', '준비', '추진', '할', '시점', '장소', '형식', '구애', '구체', '실질', '진행', '할', '대통령', '오후', '청와대', '보좌', '관', '회의', '주재', '현재', '평화', '행정', '조미', '정상회담', '대화', '추세', '지속', '단계', '결실', '도출', '하기', '준비', '강조', '대통령', '위원장', '판문점', '선언', '과', '남북', '미래', '점', '한국', '립', '한국', '조선', '재차', '정상회담', '추진', '할', '여건', '지적', '한국', '정부', '관계', '미관', '선', '순환', '국제사회', '지지', '협력', '강화', '등', '반도', '평화', '질서', '책임', '역할', '조선', '국무위원', '회', '위원장', '일전', '시정', '연설', '반도', '비핵화', '실현', '평화', '구축', '대한', '의지', '천명']
http://www.iybrb.com/news/content/2019-04/10/61_351852.html	“5G 한국 산업발전에 기회 마련할 것”-연변일보 Yanbian Daily	246	16	165	62	3	['서비스', '커버', '네트워크', '스마트폰', '스마트', '스마트', '서비스', '프로젝트', '서비스', '네트워크', '서비스', '네트워크', '서비스', '폰', '디바이스', '커버']	['한국', '산업', '발전', '기회', '할', '한국', '대통령', '지적', '한국', '세계', '최초', '상용', '실현', '한국', '대통령', '초', '고속', '초', '지연', '초고', '결의', '세대', '이동통신', '기술', '한국', '산업', '발전', '기회', '할', '대통령', '당일', '한국', '전략', '발표', '기념', '행사', '참석', '연설', '발표', '현재', '한국', '대', '업체', '상용', '가동', '한국', '글로벌', '의', '상용', '실현', '대통령', '한국', '정부', '국가', '차원', '전략', '추진', '글로벌', '일류', '생태권', '구축', '할', '글로벌', '시장', '점유', '률', '목표', '량질', '창', '수출', '목표', '달성', '할', '한국', '정부', '민간', '협력', '전략', '위원회', '설립', '기술', '응용', '적극', '추동할', '예정', '대통령', '정부', '민간', '한화', '약', '이상', '투자', '전', '한국', '전역', '시일', '내', '구축', '차세대', '무인기', '자률', '주행', '자동차', '공장', '도시', '등', '기술', '전제', '한', '산업', '육성', '할', '예정', '한국', '정부', '구가', '기술', '도입', '사용', '할', '예정', '시장', '시일', '내', '가동', '시범', '과감', '전개', '할', '예정', '한국', '대', '업체', '정식', '일반', '고객', '대상', '가입', '소비자', '가입', '후', '한국', '세계', '일반', '고객', '대상', '제공', '기술', '전문가', '분야', '인사', '등', '가격', '현재', '지역', '한정', '점', '등', '감안', '하여', '가', '대중', '보급', '시간', '보고']
http://www.iybrb.com/news/content/2019-04/28/61_354467.html	한국, ‘판문점선언’ 1주년 기념행사 개최-연변일보 Yanbian Daily	123	1	78	43	1	['쇼']	['신화통신', '판문점', '한국', '구역', '판문점', '선언', '주년', '기념', '공연', '가야', '할', '주제', '이번', '행사', '한국', '통일부', '서울시', '정부', '경기도', '정부', '등', '주최', '공연', '무대', '한국', '대통령', '위원장', '군사분계선', '평화', '공터', '포함', '총', '배경', '한국', '중국', '미국', '일본', '음악가', '정채', '악기', '연주', '관객', '행사', '대통령', '영상', '연설', '방영', '연설', '남북', '출발', '평화', '판문점', '선언', '할', '수록', '평화로', '가고', '시대', '강조', '대통령', '위원장', '판문점', '한국', '평화', '회담', '판문점', '선언', '체결', '비핵화', '휴전협정', '평화협정', '전환', '기제', '하기', '위해', '노력', '할', '선언']
http://www.iybrb.com/news/content/2019-02/01/61_343009.html	조선 ‘선 비핵화 후 제재완화’ 주장 비난-연변일보 Yanbian Daily	163	1	118	43	1	['싱가포르']	['로동신문', '서명', '발표', '평양', '신화통신', '조선', '로동신문', '서명', '발표', '조선', '대한', '선', '비핵화', '후', '제재', '완화', '압박', '주장', '비난', '해당', '각자', '응당', '실질', '행동', '조선', '실행', '선의', '조치', '대해', '답', '강조', '미관', '개선', '항구', '평화', '기제', '구축', '조선', '립', '비핵화', '실현', '이전', '응당', '조선', '계속', '제재', '강조', '미관', '개선', '정세', '안정', '지적', '작년', '조미', '정상회담', '이후', '미협', '무려', '반년', '상태', '난국', '타개', '하지', '원인', '선', '비핵화', '후', '제재', '완화', '황당', '주장', '관계', '개선', '제재', '절대', '병존', '할', '관계', '개선', '기반', '존중', '신뢰', '제재', '기반', '적대시', '대항', '지적', '자립', '발전', '조선', '제재', '무효', '할', '강조', '조선', '압박', '가하는', '적대', '세력', '리', '성적', '행동', '할', '권고', '세기', '요구', '부합', '조미', '신형', '관계', '구축', '항구', '평화', '체제', '구축', '조선', '립', '강조']
http://www.iybrb.com/news/content/2019-02/19/61_344933.html	한국, 이주녀성 법률·리혼 상담 많아-연변일보 Yanbian Daily	134	7	99	28	0	['센터', '센터', '센터', '체크', '센터', '센터', '련합뉴스']	['한국', '녀성', '법률', '리혼', '문제', '해결', '하기', '위해', '외부', '상담', '요청', '경우', '일전', '한국', '녀성', '인권', '이주', '녀성', '상담', '상담', '내용', '건', '중복', '상담', '포함', '상담', '류형', '법률', '상담', '리혼', '문제', '생활', '상담', '체류', '문제', '가정폭력', '부부', '갈등', '관', '내용', '상담', '이주', '녀성', '상담', '상담', '류형', '중복', '일반', '법률', '상담', '리혼', '체류', '문제', '로임체불', '등', '로동', '관련', '내용', '포함', '고', '상담', '의뢰인', '녀성', '본인', '관련', '기관', '상담', '의뢰', '가', '가족', '친', '인척', '남편', '상담', '요청', '경우', '소수', '지난', '문', '연', '이주', '녀성', '상담', '한국', '녀성', '인권', '서울시', '지원', '운영', '전체', '상담', '의뢰', '건수', '개원', '이후', '증가', '건', '건', '상승']
http://www.iybrb.com/news/content/2019-02/26/61_345853.html	조선, 평양 중심으로 카드 결제 가능-연변일보 Yanbian Daily	92	11	60	20	1	['직불카드', '카드', '카드', '카드', '카드', '카드', '카드', '카드', '직불카드', '카드', '호텔']	['최근', '조선', '평양', '중심', '제한', '선불카드', '등', '통한', '결제', '조선', '중앙은행', '전성', '조선', '무역', '은행', '고려', '은행', '고려', '은행', '황금', '삼각주', '은행', '선봉', '등', '발행', '리용', '충전', '금액', '한도', '사용', '대금', '좌', '이체', '선불카드', '좌', '예치', '금액', '외화', '상점', '식당', '등', '주로', '결제', '상술', '발급', '은행', '본점', '지점', '공항', '현금', '기도', '설치', '현금인출기', '자동', '입금', '출금', '기', '현금', '기능', '외신']
http://www.iybrb.com/news/content/2019-01/17/61_341129.html	한국 , “조선은 적”표현 삭제-연변일보 Yanbian Daily	187	0	142	44	1	[]	['신화통신', '한국', '국방부', '발간', '조선', '한', '표현', '삭제', '동시', '조선', '상대로', '한', '일부', '군사', '용어', '수정', '한국', '국방부', '발간', '관련', '자료', '백서', '국방', '목표', '부분', '조선', '기존', '서술', '한국', '주권', '령토', '국민', '생명', '재산', '안전', '위협', '침범', '세력', '서술', '대체', '백서', '축', '체계', '관', '서술', '수정', '체계', '핵무기', '대량', '살상', '무기', '위협', '압제', '대응', '핵심', '전력', '건설', '수정', '외', '체계', '하의', '과', '대량', '응징', '보복', '등', '용어', '전략', '목표', '타격', '과', '압도', '대응', '등', '어휘', '백서', '관계', '군사', '대치', '화해', '협력', '번복', '한조', '정상', '회', '과', '상회', '성공', '진행', '비핵화', '영속', '평화', '체제', '구축', '위해', '안보', '환경', '한조', '군사', '부문', '판문점', '선언', '군사', '분야', '리행', '합의', '체결', '리행', '일련', '조치', '긴장', '남북', '군사', '분위기', '완화', '쌍방', '상호', '신뢰', '구축', '기반', '한국', '국방부', '설명', '개', '장', '백서', '한국', '국방', '개혁', '과', '한미', '동맹', '비핵화', '정전협정', '평화협정', '전환', '등', '다수', '의제', '대해', '상세', '서술']
http://www.iybrb.com/news/content/2019-02/12/61_344127.html	문재인, “김정은과 트럼프 회담” 구체적 진전 이룩 희망-연변일보 Yanbian Daily	74	0	50	23	1	[]	['신화통신', '한국', '대통령', '조선', '미국', '차', '정상회담', '관해', '관련', '회담', '비핵화', '미관', '건립', '평화', '기제', '등', '문제', '구체', '진전', '하길', '희망', '한국', '대통령', '당면', '조선', '미국', '차', '정상회담', '확정', '평화', '번영', '시대', '접근', '설명', '표', '대통령', '본기', '회담', '적대', '분쟁', '랭전', '지대', '평화', '번영', '전변', '추진', '역할', '발휘', '할', '희망']
http://www.iybrb.com/news/content/2019-09/24/61_374327.html	일본연구팀, 갓난 아기 향기 재현 성공-연변일보 Yanbian Daily	153	10	84	55	4	['팀', '팀', '팀', '알데하이드', '팀', '팀', '팀', '스트레스', '온라인', '리포트']	['특유', '향기', '화학', '분석', '재현', '신문', '보도', '의과대학', '특임', '교수', '등', '과학자', '참가', '신생아', '명의', '분석', '종류', '성분', '흡착', '가제', '정도', '신생아', '방법', '피부', '향기', '채취', '탄화수소', '등', '성분', '성분', '인공', '조합', '신생아', '평균', '향기', '재현', '인공', '대', '남녀', '명', '보게', '한', '결과', '호의', '반응', '설명', '교수', '금방', '태', '난', '통해', '자신', '신호', '보호자', '가능성', '향후', '신생아', '심리', '효용', '분석', '할', '계획', '설명', '재현', '신생아', '긴장', '완화', '효과', '보고', '결과', '경감시키거나', '타인', '소통', '촉진', '향수', '개발', '이번', '구결', '영국', '과학', '지인', '이언', '게재', '종합']
http://www.iybrb.com/news/content/2019-07/24/61_365768.html	김정은 조선 최고지도자,신형 잠수함 시찰-연변일보 Yanbian Daily	141	1	104	36	0	['시스템']	['잠수함', '설계', '건조', '만족', '표시', '평양', '신화통신', '조선', '중앙', '통신사', '보도', '조선', '최고', '지도자', '최근', '조선', '신형', '잠수함', '시찰', '위원장', '시찰', '시', '조선', '잠수함', '등', '해군', '장비', '개발', '국방력', '량', '발전', '강조', '보도', '위원장', '잠수함', '작전', '전술', '수치', '무기', '전투', '대해', '구체', '잠수함', '설계', '건조', '만족', '표', '보도', '해당', '잠수함', '동부', '수역', '배치', '임무', '수행', '할', '전', '외', '보도', '위원장', '인용', '조선', '동쪽', '서쪽', '잠수함', '능력', '국방력', '량', '부분', '잠수함', '등', '해군', '무기', '장비', '개발', '계속', '국방력', '량', '발전', '추', '동해', '표', '위원장', '잠수함', '연구', '개발', '건조', '참여', '조선', '국방', '과학기술', '인원', '분투', '정신', '평가', '성과', '비약', '발전', '조선', '국방', '공업', '능력', '과시', '지적']
http://www.iybrb.com/news/content/2019-07/24/61_365764.html	한국, 일본에 한일 갈등 처리에서 최저선 지킬 것을  촉구-연변일보 Yanbian Daily	94	0	64	27	3	[]	['대일', '관계', '견', '신화통신', '한국', '대통령', '부', '청와대', '한일', '갈등', '처리', '함', '최저', '선', '지킬', '일본', '촉구', '한국', '관계', '계속', '견지할', '청와대', '대변인', '기자회견', '한국', '정부', '관련', '문제', '답변', '해왔지만', '일본정부', '대', '한국', '수출', '규제', '조치', '리유', '수차', '번복', '하기만', '대변인', '한국', '대', '관계', '력사', '문제', '미래', '쌍', '무관계', '취급', '견지할', '대변인', '일본', '최저', '선', '한일', '량국', '민중', '간', '미래', '협력', '최대', '노력', '표']
http://www.iybrb.com/news/content/2019-07/29/61_366317.html	김정은 위원장, 신형 전술유도무기 사격 지도-연변일보 Yanbian Daily	282	6	208	66	2	['유엔', '시스템', '유엔', '폼페이', '국무장관', '미사일']	['한국', '미국', '관심', '표시', '평양', '신화통신', '조선', '최고', '지도자', '신형', '전술', '유도', '무기', '위력', '전시', '사격', '지도', '조선', '중앙', '통신', '전', '한국', '군부', '측은', '조선', '두기', '발사체', '발사', '한국', '미국', '관심', '표', '작법', '반도', '긴장', '국면', '완화', '안보리', '결의', '준수', '할', '조선', '촉구', '조선', '중앙', '통신', '조선', '재삼', '경고', '첨단', '공격성', '무기', '반입', '군사훈련', '전개', '시도', '한국', '군부', '호전', '세력', '경고', '주기', '위해', '위원장', '신형', '전술', '유도', '무기', '사격', '지도', '보도', '조선', '중앙', '통신', '이번', '사격', '통해', '신형', '전술', '유도', '무기', '제반', '전투', '성능', '지표', '재차', '전', '신형', '무기', '구체', '류형', '전', '위원장', '사태', '발전', '위험성', '인식', '최신', '무기', '인입', '군사훈련', '전개', '등', '행동', '중단', '정상', '달성', '공감', '실행', '할', '한국', '정부', '희망', '한국', '청와대', '성명', '청와대', '국가', '안보', '실장', '오후', '국가', '안보', '위원회', '상임', '위원회', '회의', '주재', '상임', '위원회', '위원', '조선', '발사체', '신형', '단거리', '탄도미사일', '분석', '위원', '조선', '작법', '반도', '군사', '긴장', '국면', '완화', '한국', '측은', '우려', '표', '위원회', '한미', '공동', '평가', '결과', '최종', '판단', '미국', '국무부', '대변인', '정례', '기자회견', '도발', '중단', '할', '조선', '촉구', '안보리', '결의', '준수', '할', '관련', '희망', '미국', '조선', '외교', '접촉', '계속', '할', '미조', '실무', '협상', '추진', '할', '희망', '오', '미국', '조선', '시험', '발사', '관련', '매체', '질문', '대답', '할', '미조', '외교', '협상', '통해', '문제', '해결', '할', '향후', '내', '량자', '실무', '협상', '전개', '할']
http://www.iybrb.com/news/content/2019-07/24/61_365767.html	“자국 혁신 성장으로 일본수출규제에 대응”-연변일보 Yanbian Daily	139	0	103	36	0	[]	['한국', '대통령', '표시', '신화통신', '한국', '대통령', '한국', '정부', '한국', '제조업', '혁신', '발전', '위해', '노력', '가하는', '일본', '대', '한국', '수출', '규제', '등', '무역', '조치', '장원', '대응', '준비', '한국', '청와대', '언론', '통해', '발표', '자료', '대통령', '청와대', '정례', '참모', '회의', '일본', '수출', '규제', '대해', '한국', '정부', '장기', '조치', '근본', '대응', '측면', '착수', '할', '동시', '외교', '능력', '통해', '보완', '대통령', '자유무역', '질서', '기술', '패권', '한국', '국민', '경제', '위협', '기술', '혁신', '역량', '해결', '방안', '중', '부품', '원자재', '생산', '방면', '한국', '정부', '국가', '차원', '전력', '부품', '원자재', '산업', '경쟁력', '제조업', '혁신', '향상', '약속', '일본', '정부', '초', '한국', '수출', '반도체', '산업', '원자재', '대해', '수출', '규제', '강화', '선포', '한일', '무역', '마찰']
http://www.iybrb.com/news/content/2019-08/01/61_366764.html	한국 군부측, “조선 두발의 단거리 미사일 발사”-연변일보 Yanbian Daily	113	9	82	22	0	['미사일', '미사일', '미사일', '킬로', '메터', '킬로', '메터', '데이터', '미사일']	['신화통신', '한국', '군부', '측은', '조선', '두발', '단거리', '발사', '전', '한국', '매체', '한국', '합동', '참모', '본부', '소식', '인용', '시간', '북경시', '경', '조선', '각기', '원산', '일대', '동북', '방향', '해역', '향', '두발', '단거리', '발사', '전', '한국', '합동', '참모', '본부', '현재', '조선', '발사', '단거리', '고도', '비행', '약', '추정', '한미', '정보', '부처', '현재', '상세', '분석', '한국', '측은', '조선', '발사', '활동', '계속', '여부', '대해', '예의', '주시', '태세', '유지', '전', '한국', '합동', '참모', '본부', '최근', '조선', '련달', '발사', '반도', '긴장', '정세', '완화', '류사', '행위', '즉각', '중단', '할', '조선', '촉구']
http://www.iybrb.com/news/content/2019-08/05/61_367366.html	한국 예산 보충, 일본수출 통제에 대응-연변일보 Yanbian Daily	158	1	110	43	4	['하이테크']	['신화통신', '한국', '국무총리', '한국', '최근', '통과', '보충', '예산안', '중', '한화', '약', '일본', '한국', '상대로', '한', '수출', '통제', '조치', '대응', '한국', '총리실', '발표', '성명', '총리', '정부', '회의', '일본', '백색', '국가', '명단', '한국', '제외', '대해', '비판', '일본', '처사', '할', '선', '지적', '총리', '정부', '최선', '일본', '조치', '초래', '영향', '대응', '할', '후속', '조치', '취해', '각', '부처', '조율', '소통', '정부', '기업', '협력', '촉진', '강조', '전', '한국', '국회', '표결', '한화', '약', '보충', '예산안', '통과', '일본정부', '오전', '진행', '회의', '한국', '무역', '편리', '대우', '백색', '국가', '명단', '제외', '하기로', '결정', '일본', '한국', '무역', '분쟁', '승화', '백색', '국가', '명단', '제외', '한국', '무역', '편리', '우혜대우', '선포', '반도체', '재료', '외', '일본정부', '기타', '대한국', '과학기술', '제품', '수출', '대해', '개별', '심사', '진행']
http://www.iybrb.com/news/content/2019-08/07/61_367720.html	조선외무성, 미한 합동군사연습 규탄-연변일보 Yanbian Daily	190	2	154	33	1	['싱가포르', '싱가포르']	['성명', '서언', '대한', '로골', '무시', '연한', '위반', '적대', '행위', '지속', '향후', '대화', '전망', '부정', '영향', '조성', '평양', '신화통신', '조선', '중앙', '통신사', '보도', '조선', '외무성', '대변인', '미국', '한국', '진행', '합동', '군사연습', '조미', '공동', '성명', '한간', '일련', '선언', '정신', '위배', '유발', '조선', '반격', '조치', '대해', '미국', '한국', '밀어', '책임', '대변인', '미국', '한국', '조선', '재삼', '경고', '불구', '조선', '상대로', '침략', '성격', '의', '합동', '군사연습', '진행', '동성', '판문점', '선언', '평양', '공동', '선언', '대한', '노골', '무시', '연한', '위반', '지적', '대변인', '국가', '안전', '대한', '잠재', '위협', '직접', '위협', '해소', '하기', '위해', '조선', '국가', '방위', '위력', '물리', '수단', '개발', '실험', '배치', '할', '경고', '대변인', '미국', '판문점', '조미', '정상회담', '달성', '합동', '군사연습', '중지', '관련', '약속', '불구', '한국', '신형', '공격성', '무기', '장비', '운송', '군사', '긴장', '사태', '고조', '지적', '대변인', '대화', '문제', '해결', '조선', '립', '적대', '행위', '지속', '진행', '상황', '조선', '대화', '대한', '동력', '점차', '소실', '언급', '현재', '정세', '조미', '북남', '협의', '리행', '대한', '조선', '적극성', '향', '후의', '대화', '전망', '부정', '영향', '조성하', '강조']
http://www.iybrb.com/news/content/2019-02/18/61_344782.html	조선, 김정일 탄신 77주년 기념행사 진행-연변일보 Yanbian Daily	74	0	50	24	0	[]	['조선', '탄신', '주년', '기념', '행사', '진행', '평양', '신화통신', '조선', '주요', '명절', '광명성절', '작고', '조선', '최고', '지도자', '탄생', '기념일', '조선', '중앙', '통신사', '보도한데', '오전', '최고', '지도자', '령', '구가', '금수산', '태양궁', '대한', '경의', '표', '조선', '각지', '축제', '활동', '진행', '하여', '탄신', '주년', '기념', '명', '평양', '민중', '김일성', '과', '전시관', '관람', '명절', '경축']
http://www.iybrb.com/news/content/2019-08/06/61_367556.html	한미, 2019년 하반기 합동군사훈련 가동-연변일보 Yanbian Daily	94	5	70	19	0	['컴퓨터', '컴퓨터', '련합뉴스', '테로', '마크']	['한미', '하반기', '합동', '군사훈련', '가동', '모의', '방식', '진행', '한국', '미국', '하반기', '합동', '군사훈련', '실시', '군사훈련', '지휘', '의방', '진행', '한국', '군부', '관련', '닉명', '인사', '인용', '한미', '각종', '부분', '도발', '과', '관련', '위기', '관리', '참모', '훈련', '실시', '가량', '상태', '가정', '정식', '연습', '진행', '한국', '군부', '측은', '이번', '훈련', '명칭', '일정', '규모', '공개', '하지', '신임', '미국', '국방', '장관', '한국', '방문', '할', '예정', '한미', '량국', '공식', '훈련', '명칭', '일정', '발표', '할', '한국', '언론', '보도']
http://www.iybrb.com/news/content/2019-08/12/61_368280.html	한국 대통령 개각 단행…반도체 전문가 과기부 장관 추천-연변일보 Yanbian Daily	197	1	147	44	5	['메시지']	['반도체', '산업', '경쟁력', '향상', '시도', '신화통신', '한국', '대통령', '개각', '단행', '개', '부문', '장관', '후보자', '지명', '반도체', '전문가', '과학기술', '정보', '통신', '장관', '후보자', '지명', '여론', '주목', '대통령', '이후', '재차', '개각', '단행', '정부', '기', '내각', '기본', '완성', '의미', '한국', '정부', '현재', '평화', '행정', '추진', '한일', '무역', '갈등', '대응', '국내', '령역', '개혁', '등', '사무', '직면', '이번', '내각', '구성', '시정', '외부', '주목', '대통령', '대학', '최', '교수', '과학기술', '정보통신부', '장관', '지명', '한국', '언론', '최', '교수', '반도체', '인공', '지능', '령역', '유명', '전문가', '대통령', '부', '청와대', '한일', '무역', '마찰', '배경', '한국', '반도체', '산업', '경쟁력', '대폭', '향상', '의도', '표명', '분석', '대통령', '청와대', '비서', '조국', '법무부', '장관', '지명', '농림축산식품부', '장관', '후보자', '전', '차관', '녀성', '가족부', '장관', '후보자', '사회학', '교수', '지명', '대통령', '민주당', '국회의원', '리', '수혁', '신임', '주', '대사', '임명', '리', '수혁', '외교통상부', '차관', '보', '핵', '문제', '회담', '한국', '대표', '단', '단장', '력임', '관련', '규정', '장관', '후보자', '지명', '인선', '국회', '청문', '국회', '통과', '여부', '지명', '인선', '임명']
http://www.iybrb.com/news/content/2019-08/27/61_370621.html	어린이용 모자 일부 제품서 발암물질 검출-연변일보 Yanbian Daily	237	22	147	56	12	['팬', '포름알데히드', '프로스포츠', '포름알데히드', '프로스포츠', '홈페이지', '라이선스', '온라인', '프로', '프로축구', '포름알데히드', '앤드', '인터내셔널', '번스', '베이스볼', '캡', '벨', '포름알데히드', '프로', '스포츠', '리콜', '프로스포츠']	['프로야구', '축구', '롱구', '판매', '용', '모자', '일부', '제품', '발암', '물질', '검', '소비자', '주의', '한국', '시중', '류통', '용', '모자', '개', '제품', '조사', '결과', '개', '제품', '안전', '기준', '초과', '가', '검', '조사', '대상', '구단', '공식', '업체', '판매', '용', '모자', '개', '프로야구', '개', '롱구', '개', '개', '제품', '이중', '개', '제품', '아동', '용', '섬유', '제품', '허용', '준치', '초과', '검', '프로야구', '모자', '씨', '제조', '모자', '판매', '키움', '일반', '모자', '준치', '이상', '검', '롱구', '경기', '판매', '한국', '삼성', '아동', '용', '인천', '현대', '아동', '문제', '확인', '판매', '프로야구', '삼성', '제품', '삼성', '아동', '용', '모자', '부분', '가', '안전', '기준', '피부', '자극', '유발', '할', '적발', '업체', '해당', '제품', '판매', '중지', '교환', '자발', '하기로', '표시', '실태', '조사', '개중', '개', '부적합', '판정', '제품', '사용', '년령', '필수', '표시', '개', '제품', '일부', '제품', '제조', '등', '의무', '표시', '사항', '한국', '이번', '시험', '결과', '부적합', '제품', '생산', '업체', '자발', '시정', '권고', '국가기술표준원', '모자', '대한', '안전', '관리', '감독', '강화', '요청', '할', '계획', '외신']
http://www.iybrb.com/news/content/2019-08/10/61_368178.html	김정은, 신형 미사일 발사 참관-연변일보 Yanbian Daily	104	7	78	17	2	['미사일', '진행중', '미사일', '미사일', '시스템', '미사일', '진행중']	['한미', '대한', '경고', '평양', '신화통신', '조선', '중앙', '통신사', '보도', '조선', '최고', '지도자', '신형', '전술', '발사', '참관', '이번', '군사', '행동', '한미', '합동', '군사훈련', '대한', '경고', '표', '보도', '전술', '매', '조선', '서부', '공항', '발사', '조선', '수도권', '지역', '조선', '중부', '륙', '지역', '상공', '조선', '동해', '목표', '적중', '보도', '이번', '발사', '통해', '신형', '전술', '유도', '무기', '신뢰', '안전성', '실전', '능력', '의심', '할', '여지', '검증', '전', '보도', '위원장', '신형', '전술', '성공', '발사', '대해', '평가', '이번', '군사', '행동', '한미', '합동', '군사훈련', '대한', '경고', '표']
http://www.iybrb.com/news/content/2019-08/08/61_367768.html	“중국 특색사회주의 건설 성과 사진전” 평양서 개최-연변일보 Yanbian Daily	0	0	0	0	0	[]	[]
http://www.iybrb.com/news/content/2019-02/18/61_344800.html	한조, 도꾜올림픽 4개 종목 ‘남북 단일팀’ 출전 합의-연변일보 Yanbian Daily	249	27	157	60	5	['제네바', '팀', '올림픽', '팀', '스위스', '로잔', '올림픽', '올림픽', '올림픽', '필드하키', '팀', '팀', '팀', '올림픽', '올림픽', '올림픽', '론', '토마스', '바흐', '스포츠', '올림픽', '올림픽', '올림픽', '올림픽', '아이스하키팀', '올림픽', '팀']	['신화통신', '국제올림픽위원회', '남', '북', '구성', '녀자', '농구', '등', '개', '종목', '출전', '남북', '개', '종목', '출전', '자격', '확보', '본부', '실무', '회의', '열어', '조', '쌍방', '대표', '관련', '사항', '대해', '협의', '회의', '조', '쌍방', '종목', '세부', '종목', '지도', '원칙', '준수', '출전', '자격', '획득', '기초', '녀자', '농구', '녀자', '유도', '혼성', '단체', '전', '조정', '남', '녀', '등', '개', '종목', '구성', '출전', '하기로', '합의', '해당', '종목', '국제', '련맹', '총련', '합회', '조', '쌍방', '단일', '출전', '건', '대해', '협의', '계속', '할', '남', '북', '출전', '할', '종목', '협의', '출전', '경기', '리기', '전', '신청서', '제출', '하면', '조', '쌍방', '계', '공동', '유치', '신청', '제안', '환영', '조직', '기술', '세부', '사항', '양국', '도울', '준비', '각종', '가능성', '위해', '남북', '공동', '실무', '진', '이후', '초청', '할', '위원장', '가교', '역할', '단합', '조', '쌍방', '계', '공동', '력사', '제안', '진심', '환영', '고', '회의', '참석', '한국', '문화', '체육관', '광부', '장관', '조선', '위원회', '위원장', '겸', '체육', '량국', '성공', '협력', '평양', '계', '개최', '하길', '조', '쌍방', '대표', '단', '개막식', '공동', '입장', '녀자', '출전', '량국', '최초', '구성', '출전', '하계올림픽']
http://www.iybrb.com/news/content/2018-12/17/61_337507.html	한국, 2019년도 1분기 ‘중국동포 기술교육 대상자’ 발표-연변일보 Yanbian Daily	215	7	178	29	1	['홈페이지', '비자', '포털', '홈페이지', '클릭', '홈페이지', '비자']	['한국', '법무부', '최근', '출입국', '외국인', '정책', '본부', '통해', '중국', '동포', '기술', '교육', '대상자', '선발', '결과', '발표', '이번', '발표', '선발', '인원', '명', '신청', '전원', '선발', '동포', '경우', '선발', '제외', '선발', '결과', '조회', '방법', '한국', '접속', '후', '조회', '발급', '방문', '취업', '당첨', '확인', '기술', '교육', '기술', '교육', '접수', '내용', '입력', '후', '검색', '하면', '교육', '신청', '류', '사항', '안내', '선발', '동포', '사', '동포', '교육', '원단', '방문', '하여', '기술', '교육', '신청', '원단', '방문', '하여', '상담', '통해', '본인', '적성', '취업', '종목', '교육', '기관', '선택', '후', '수강', '하면', '동포', '조기', '기술', '교육', '통한', '방문', '취업', '자격', '변경', '지원', '기술', '교육', '종료', '동포', '교육', '원단', '의견', '반영', '하여', '기술', '교육', '수강', '시기', '등', '개월', '이번', '기술', '교육', '선발', '자중', '교육', '대상자', '당첨', '비고', '란', '확인', '교육', '대상자', '수강', '기술', '교육', '등록', '수강', '시기', '등', '대한', '사항', '동포', '교육', '원단', '문의', '참고', '하면', '준비', '서류', '동포', '방문', '소지', '려권', '사본', '당첨', '명함판', '사진', '매', '방문', '동거', '소지', '려권', '외국인', '등록증', '호구', '부', '신분증', '당첨', '명함판', '사진', '매', '류', '사항', '당첨', '접수', '번호', '접수', '금품', '등', '요구', '할', '경우', '현혹', '본인', '직접', '당첨', '여부', '확인', '하면', '종합']
http://www.iybrb.com/news/content/2019-08/12/61_368418.html	“한미합동군사연습 중단하기 전 북남 접촉 어려울 것”-연변일보 Yanbian Daily	130	1	101	28	0	['싱가포르']	['조선', '외무성', '표시', '평양', '신화통신', '조선', '외무성', '미국', '권', '정근', '국장', '한국', '미국', '합동', '군사연습', '중단', '하기', '전', '조선', '한국', '접촉', '조선', '중앙', '통신', '보도', '권', '정근', '국장', '한국', '측은', '조선', '상용', '무기', '개발', '시험', '문제', '횡설수설', '침략', '성격', '의', '한미', '군사연습', '전', '한편', '조선', '중앙', '통신', '보도', '조선', '최고', '지도자', '무기', '시험', '발사', '현장', '지도', '하순', '조선', '차례', '발사', '진행', '한국', '관련', '부문', '조선', '행위', '긴장', '정세', '완화', '행위', '중단', '할', '조선', '촉구', '한국', '미국', '지난', '하반기', '합동', '군사연습', '시작', '조선', '외무성', '대변인', '군사연습', '조미', '동성', '한간', '계열', '홍보', '정신', '위배', '비난', '대변인', '조선', '제재', '조치', '유발', '미국', '한국', '책임']
http://www.iybrb.com/news/content/2018-12/17/61_337505.html	한국, 외국인 건강보험 가입 6개월 이상 체류해야 가능-연변일보 Yanbian Daily	139	1	111	27	0	['홈페이지']	['한국', '개월', '가입', '할', '외국인', '국민', '건강', '보험', '신청', '요건', '개월', '이상', '체류', '강화', '기간', '건강', '보험', '적용', '고액', '진료', '출국', '조치', '한국', '보건복지부', '내용', '장기', '체류', '재외국민', '외국인', '대한', '건강', '보험', '적용', '기준', '고시', '개정안', '이하', '외국인', '건강', '보험', '고시', '예고', '현재', '외국인', '한국', '국내', '소득', '재산', '파악', '경우', '보험료', '상대', '부담', '경우', '외국인', '개인', '보험료', '산정', '세대', '예정', '신청', '하면', '배우자', '미성년', '자녀', '동일', '세대', '구성', '가족', '확인', '위해', '관련', '외교부', '등', '발급', '서류', '인정', '할', '계획', '외국인', '건강', '보험료', '체납', '하면', '체류', '기간', '연장', '허가', '입국', '등', '각종', '심사', '불리', '익', '발생', '할', '개정안', '대한', '상세', '내용', '한국', '보건복지부', '립법', '행정', '예고', '전자', '공청회', '란', '확인', '할', '신문']
http://www.iybrb.com/news/content/2019-08/12/61_368419.html	일본 경제보복, 한미일 안보협력에 악영향-연변일보 Yanbian Daily	180	1	142	34	3	['론']	['신화통신', '한국', '국방', '장관', '방문', '미국', '국방', '장관', '회담', '일본', '한국', '대해', '실시', '보복조치', '한미', '안보', '협력', '악', '영향', '지적', '한일', '량국', '정부', '일본', '한국', '대해', '식민', '지배', '실시', '기간', '강제', '징용', '피해자', '문제', '관련', '합의', '달성', '하지', '관계', '일본', '정부', '한국', '수출', '반도체', '원자재', '대해', '규제', '실시', '발표', '하여', '한일', '무역', '갈등', '초래', '지난', '회의', '일본', '정부', '한국', '무역', '편리', '백색', '국가', '명단', '배제', '하기로', '결정', '하여', '한일', '갈등', '층', '승격', '관련', '장관', '장관', '회담', '일본', '조치', '한일', '관계', '한미', '안보', '협력', '악', '영향', '초래', '지적', '한편', '한국', '국방부', '장관', '장관', '한미', '량국', '외교', '노력', '반도', '비핵화', '추진', '반도', '항구', '평화', '구축', '할', '한번', '한미', '동맹', '기반', '하여', '소통', '협력', '보강', '반도', '주변', '지역', '안정', '유지', '하기로', '결정', '량자', '최근', '지휘', '한국', '관', '하기', '여건', '추진', '보고', '년말', '한미', '안보', '협의', '회의', '미래', '유엔군', '사령부', '의', '기본', '작전', '능력', '평가', '결과']
http://www.iybrb.com/news/content/2018-11/12/61_332480.html	판문점 공동경비구역 11월내로 민간인 자유왕래 가능-연변일보 Yanbian Daily	172	2	138	31	1	['해밀턴', '유엔']	['최근', '판문점', '공동', '경비', '구역', '방문객', '자유', '왕래', '방안', '등', '협의', '남북', '군사', '당국', '유엔군', '사령부', '협의', '차', '회의', '판문점', '남', '지역', '자유', '한국', '국방부', '조선', '정책', '과장', '등', '명', '조선', '륙군', '대좌', '등', '명', '유엔군', '사령부', '군사', '정전', '위원회', '비서장', '등', '명', '각각', '회의', '참석', '한국', '국방부', '회의', '실시', '판문점', '공동', '경비', '구역', '비무장', '검증', '결과', '상호', '확인', '평가', '공동', '경비', '구역', '내', '상대', '지역', '남북', '합동', '경비', '근무', '방안', '감시', '장비', '조정', '정보', '공유', '방안', '향후', '방문객', '자유', '왕래', '방안', '등', '대해', '협의', '고', '중', '자유', '왕래', '노력', '할', '강조', '남북', '군사', '합의', '명시', '비무장', '리행', '과정', '내', '북', '초소', '한국', '초소', '이번', '회의', '자유', '왕래', '실현', '하기', '해서는', '북', '초소', '한국', '초소', '신설', '감시', '비도', '설치', '하기로', '신규', '초소', '설치', '감시', '장비', '조정', '대한', '남', '북', '사의', '평가', '내', '민간인', '자유', '왕래', '전망', '환', '시보']
http://www.iybrb.com/news/content/2019-02/25/61_345713.html	김정은 제2차 조미 정상회담 위해 하노이 향발-연변일보 Yanbian Daily	139	6	97	30	6	['베트남', '하노이', '베트남', '하노이', '베트남', '베트남']	['조선', '중앙', '통신', '보도', '평양', '신화통신', '조선', '최고', '지도자', '오후', '진행', '차', '조미', '정상회담', '참석', '오후', '전용', '렬차', '평양', '조선', '중앙', '통신', '전', '조선', '중앙', '통신', '최고', '지도자', '진행', '차', '조미', '정상', '회', '과', '회담', '참석', '하기', '위해', '오후', '전용', '렬차', '평양', '보도', '조선', '언론', '중', '최초', '이번', '회담', '지점', '중앙', '부위', '원장', '외무', '인민', '무력', '중앙', '부부', '최', '외무성', '부상', '등', '조선', '최고', '지도자', '수행', '조선', '중앙', '통신', '최고', '지도자', '방문', '소식', '전', '위원장', '국무위원', '회', '위원장', '베트남공산당', '중앙', '총서기', '국가주석', '초청', '공식', '친선', '방문', '방문', '기간', '정상', '회', '과', '회담', '진행', '조선', '중앙', '통신', '전']
http://www.iybrb.com/news/content/2018-11/23/61_334373.html	작년 한국서 태여난 아기 20명 중 1명은 다문화 가정-연변일보 Yanbian Daily	189	3	133	53	0	['포인트', '타이', '인터넷']	['한국', '태', '난', '명', '중', '명', '부모', '외국인', '귀화', '포함', '인', '다문화', '가정', '조사', '련속', '감소', '다문화', '혼인', '건수', '증가', '신부', '외국인', '경우', '출신', '신랑', '중국', '출신', '각각', '한국', '통계청', '발표', '다문화', '인구', '동태', '통계', '다문화', '결혼', '건', '건', '증가', '다문화', '결혼', '지난', '건', '건', '련속', '감소', '폭', '증가', '한국인', '간', '결혼', '건', '년', '대비', '감소', '전체', '혼인', '다문화', '결혼', '비중', '상승', '다문화', '가정', '태', '난', '출생', '명', '한해', '전보', '명', '전체', '출생', '다문화', '가정', '출생', '비중', '한국', '통계청', '관련', '통계', '작성', '시작', '지난', '이후', '한국', '통계청', '인구', '동향', '김진', '과장', '전체', '한국', '출생', '자체', '폭', '감소', '다문화', '출생', '비중', '고', '설명', '한국인', '부모', '태', '난', '출생', '급감', '다문화', '가정', '류형', '외국인', '인', '경우', '남편', '외국인', '귀화', '순이', '외국', '출신', '국적', '중국', '순이', '남편', '국적', '중국', '미국', '순', '연변', '일보', '사업', '부', '외신']
